-0.7826980902597251,0.8034682864871366
0.9671749705359722,4.952354593781436
-0.3813473155973264,3.2318858375361788
0.7918688203932993,5.0066236883613415
0.4717072226903542,0.5369079275017774
0.7455638360460788,5.192841097526027
-0.2305790944520662,3.353142269338398
0.6231749267544615,4.883713730565055
-0.2125967436493714,3.7556649643935582
-0.8076730003917663,0.19987785555094575
-0.6284981971771535,2.401170324178487
-0.2196455078745121,3.1212112396947123
-0.1273756277273221,3.0808936254495625
0.8500742446348251,5.018179870491526
-0.8328500987689604,1.9595535869030822
-0.8975518102629747,0.811081268629725
-0.6042381097010716,1.0718716691349839
-0.7259437540673168,0.4094781627878568
-0.3655108578296979,3.5509196774404996
0.7791124860810053,5.200424176249501
0.8945992539219729,4.92494232747334
0.3604220681134102,1.1250261160150847
0.6184592653724834,5.378968966740827
-0.1486261944860722,2.885056509464642
0.4337388410273677,1.392602471035871
-0.5795234824170938,0.9309976278368703
0.6797783675604834,5.07469151469266
-0.4704257581667481,3.382665558672186
-0.0976085569402362,2.517830374441494
0.6023051635900638,5.312645738622602
0.4943103730952871,1.4423820472185807
0.2801365136800227,0.8717505941855037
-0.4613574739600272,3.1330218120104116
0.0071840624471046,1.0327433073114456
-0.8605950466402184,1.1585014204612851
0.8591931219020215,4.889419462175205
-0.1250143227967972,3.73428617959849
-0.4800834381864463,2.5390107274686757
-0.7378480892176595,0.6788044088069446
-0.7645076929573862,0.6109613709455877
-0.1769040652542952,2.9102830357979443
0.8952667522019482,4.988105555157066
0.0418043677763719,0.7233798020095686
-0.3951484806239693,3.009638252820398
-0.5188499685072623,0.4694154085041307
0.3092415567206503,1.3977718210908825
-0.8787050180646889,0.5867452282430368
0.7322822208811299,4.706693973536153
-0.8963667216227942,3.9849688699663273
-0.0890876424123847,2.877749732974866
-0.9071992967897072,0.34813467423067845
0.6635217344657867,4.791981699620226
-0.6446709145731793,1.002428377490954
-0.3866552309305506,3.822290425706581
-0.7248808159512274,2.9857093869844724
-0.4726677509932602,3.439654562546277
0.3760109438278907,1.000961458188942
-0.7798816335528778,1.930500018992306
-0.1160389993430859,3.1849046134782006
0.7285599235018205,4.841911269383669
0.2477898978184163,0.25737931807347997
-0.224319470794986,2.90160632880093
-0.9954172100488432,0.4337334377919055
-0.3449500781594294,3.070153762825627
-0.3808254735552727,2.478069852961144
0.6362617014110596,5.057705605885988
0.1546995707008631,1.0142104551878113
-0.823030354376757,1.5922897788944665
0.439558757615869,3.4989176499180417
0.5442242885071158,5.019136973129156
-0.7569028671886135,1.5198331358893045
0.8798631562269386,5.135612480535418
0.6908198712232396,4.845898524608131
-0.4140763164237555,2.257259494368088
0.1008385758329151,0.8872260660383032
0.1187024086519139,1.2061752276853561
-0.7966466658282259,0.43991694655479346
0.4066402874498258,0.6639716791230358
0.358733281892384,1.6683721560676688
-0.8455829847977174,1.7737782566832048
0.177574095045389,0.5272461908782794
0.8929822701185202,4.812637105116214
-0.4626856447507315,2.8666466247476796
0.7335130992902412,5.042899952318046
0.0719040623177962,1.7780764620943599
-0.784167522254904,1.0412683188719671
-0.886725511071131,0.48785121450387015
-0.2278041811494493,3.038802336017322
0.6131691254906924,5.332492567928755
-0.5466319823274164,1.0918044784629093
0.2780371756820612,0.9192729125930342
0.8213043414033696,4.959732916188232
0.1263681697876182,0.8211749879991627
-0.1652464536079865,3.0691387829289343
-0.4407533970119341,2.9023459151605158
0.3808322609315473,0.8322458204703577
-0.7797503456429429,0.5118208036070931
0.321211863715783,0.8332746097889993
0.3430892279577973,1.1458199226782073
-0.7640012445527937,0.4573085637593575
0.3630545595807732,0.23006576266609546
0.0134807636229337,0.9587654846588772
0.584003118733107,4.967708587322132
0.3266073361555237,0.4062120821632887
-0.6854679899552785,0.6809684478075901
-0.8855024175247297,0.6214702646405901
-0.5705715057629321,0.9575441862432004
-0.3213084356037774,2.9634976827288826
0.7081263043736148,4.732859740697459
-0.454103592832271,3.2960314268328985
-0.101653151623168,2.5501815103605265
0.1447104906575891,1.4034631734319485
-0.0224212587215542,2.890165705569886
-0.5266191324619387,1.0406516646808444
0.4872566402294394,1.1976192766354645
0.2227153622126654,1.154954676330179
0.2801580144381368,1.1956622578266676
-0.7719936349476118,1.0631679892295218
-0.8140617471093967,0.7619772821006385
-0.8419651835225785,1.5284118591305729
-0.3641207384530094,2.671278791303778
-0.0307483373479102,2.180529982302883
-0.7938077822415288,0.8109265483946192
0.6780640590174749,4.954472583610985
-0.2992772102621039,3.037579606192921
0.9751090202494076,4.829810878859775
-0.1921011830666863,3.2909617952512598
0.5449090380705828,4.913120813724575
0.2598503470929749,0.5464582122351863
0.2846710509825527,0.600516831880348
0.7727144392470269,4.968057106496318
-0.9097050886918888,0.6349356520150412
0.0461565146617009,1.2510769582898114
-0.5490967255903558,0.9198921288455788
-0.6122697709343716,1.0928258833285418
0.9678632653174472,5.354574491661149
0.444151762996279,0.58573582068083
-0.5708130712498845,1.4187142101786552
0.4459145318797106,1.0716204691916975
0.223314706304285,1.2226518015935217
-0.8538181590717322,1.658857305927251
0.1020937097999097,0.6138068327932275
0.9417959097280896,5.202306451891554
0.3079646565436562,0.4988688679834468
0.0336887663170688,0.6056096586681533
-0.5680303273954062,1.4725554877747782
-0.5576837165538802,0.819931877744323
0.3700447665835342,1.0301767077705648
0.0874119458449551,0.6529878517927756
0.0563162110805421,1.0818602071962105
0.0443984083315005,0.7040015905306836
-0.9324216220043692,1.810509986813138
0.4439725087805759,1.0440659774614436
-0.933567961474392,1.0045158916501875
-0.3755737354044008,3.0082675234897596
0.2417493299104212,2.088080279072255
0.8800933762582663,4.833196699475938
0.3326033931255414,1.5279957165179154
0.7031148630335553,4.815859455098572
0.0996073490360034,0.6902204932915437
-0.9152350529704418,1.452752082015181
-0.8791024075086373,0.8606004298571692
-0.1636923030186561,2.5415656033636917
0.9140227978724906,5.126742716445109
-0.643506264267445,2.1696699147248495
-0.0043525843021319,3.071096109143299
-0.0553183807013619,2.862639316359373
0.6912682442894114,4.976220130394426
-0.5766093815770192,1.7386005312398727
0.2333664918954348,0.5159815992973581
-0.9608696302439792,0.7518449858057363
0.2318086480939707,2.2086603559346005
0.189248452034191,1.4274122350908724
0.4296635264927428,0.8023124169555942
-0.5215476416315972,0.4125478907837057
-0.9231127134643052,0.12731940875041464
-0.1852885407642936,2.7622975771544347
-0.5437414288897429,1.7392744343368138
0.3203941513232458,0.5781899596981613
0.1070559962103725,0.46687553713085206
-0.2080263719644677,3.0883176966390757
-0.7026359900456409,2.264373191443764
-0.0461762264673861,3.37745283995544
0.9001388142564561,5.204602921591151
0.0708258237299908,0.3386177472749785
-0.0586572247503518,2.9705501205313576
-0.8918134715072255,2.004373607567339
0.915898828866148,5.336986878599148
-0.4714450191906314,2.2904109594555417
0.4711292193212411,0.2907666750208087
0.5946352655118652,5.274599021406979
-0.579565735608019,1.3525966781028407
-0.3341120389931149,2.960528154603515
0.4724085650947944,0.8237350337778903
-0.6692851879136115,0.604856825858489
0.7727407253474585,4.521808223903403
-0.8504545030397002,1.1982322025337386
-0.6389423654650828,0.9690084008459221
-0.3251653698516323,3.0446023690116286
0.2495749265090883,1.4934225868114988
0.2820168566085219,0.5130180875642141
0.5493181922733927,5.386510050961733
-0.4442011855316088,3.244106221113105
-0.5466129579124253,0.35814018144508075
-0.6792939133316591,0.35027746655848024
0.0082046435262224,0.9130912152517114
0.5964043909456782,5.034246068700098
0.3894029410520376,0.7143874734236482
0.4481825457520847,0.8527679671150337
-0.9744006303925784,0.9737688266858496
-0.7255986425143428,1.4352471762404795
-0.7090057878517744,1.0379518160138783
0.5647295702629331,5.186029519485893
-0.9348072514903438,0.8641581479184879
-0.6225650129362212,0.19938127182649049
0.4107895429752286,0.7623536297291728
-0.0037394055820534,2.595175238631114
0.332043856654755,1.7539156338012738
-0.9633469516455588,0.30518347492428005
0.1871663940011567,1.6791518952490094
-0.9576383977945536,2.136296957378247
0.3247265211080781,0.9456955530400926
-0.3109143894235218,2.9805098342612517
0.7993852667504275,4.88748327959347
-0.3676618723021552,2.8367143339971483
-0.277103605807931,3.1721964399671627
-0.5289835935897398,0.3387973165087496
-0.5037506727450083,0.8769223190377603
-0.3435342029961994,3.0992832874602363
-0.2273740923497524,3.2767609353122986
0.749549058637142,5.235709085195403
-0.2655787984399729,2.7114158601850438
0.5713552530064865,4.917453411123531
-0.1043327352258991,2.8146747072856595
-0.0991810899708298,2.8875236604551384
-0.7648630765885076,0.9407694066309745
0.5006565560707963,4.87536272425939
0.1285447905661114,1.208448307126073
0.2383137205263517,1.028291262038372
-0.9810281444991258,1.9392587620266382
0.0539243888996352,0.3068039660619635
0.7890064422442875,4.888312727909612
-0.7664806747703137,1.1486689786083446
0.6401111974515714,4.537111067251927
-0.4113343086579935,2.7645320154461106
0.3791720725842318,0.9016929799356641
-0.7256343906022582,1.45855934704334
0.3348892466940669,0.8766677205085761
-0.4074804014841018,3.130122238099568
0.118351013553333,0.8254994232070256
-0.6741223437588588,2.101346882982473
0.041189989522854,1.3472877802623582
0.6234661343676906,5.008314480679541
0.5453545140207217,5.155083875926498
0.025764367300292,0.619984541693495
-0.1488035489313697,3.104347083100247
-0.2514428514166507,2.7558476268435577
-0.3855143945948946,3.3287177190231847
0.9084336818190148,5.035945506270014
-0.622913650436342,0.9257739162817079
-0.8082838459747932,0.15827366381056382
0.8725670843738174,5.127544604002727
-0.9825797471404278,1.146119267785517
0.7365053003710191,4.999784268557273
-0.76262062143827,0.6429874035845544
0.5045047536837379,5.087986982090014
-0.1673796102180054,3.356080393587887
-0.2220904169444388,3.405774722271061
-0.5943281095874715,0.22003881909886475
-0.4763859550765061,3.3344033299346045
-0.2590337026449421,2.955499440617295
-0.5554801088323553,1.10755348153525
-0.0826412343415778,3.0571786804854355
-0.8686380612774731,1.2757341638205204
-0.0761424441497726,2.7109813454923906
-0.3777425591081456,2.9941515750977135
0.4203977867328456,0.719296677427674
-0.5558638282172421,0.519684831474138
0.0064274894684179,0.5418246609878288
-0.2784279583525646,3.363150989948072
-0.6984193126764455,0.7877290592624735
-0.2137717541797483,2.1891406431709055
-0.2857488862037738,3.336094635549171
0.0009700515102362,0.6307849087857152
0.1201450978250169,0.7864532062268138
-0.8154530622247806,0.2649849914922463
0.8582377749170227,5.055779325165823
0.8681732533776088,4.808361955605996
0.4799287895127975,1.431398919699137
0.553551459533407,4.63456541451385
-0.5946095165199616,0.7348907732018721
-0.5876024564525288,0.292866592687674
0.6913592404089899,4.7769715439275435
0.8352370142909797,4.441001980774856
0.7063415735412637,5.415084320430746
0.9604817951351784,5.027191089677156
0.6452974060756971,4.782200762765059
0.5614235165840835,4.808404589488836
0.935618777805568,4.75416142341241
-0.5713802149941742,0.7351811175241995
0.6178926677548362,5.006538700468879
-0.3129062887637039,3.0420861307841234
-0.0503109869666904,3.149345304433931
-0.1704240875145315,2.559685321901476
-0.890458181925641,1.4554730857466311
-0.5569291431806374,0.6057734870555144
0.2476305399246403,0.4120290210671911
-0.4988010031852337,3.290760237667866
-0.2224516355282337,2.9955210427737935
0.3547499134151461,1.105222796464958
0.7593084830513464,5.118863258853256
-0.9526089098559852,0.8476557227748671
-0.1236166698643985,2.71570266636531
-0.3041771329850917,2.8689862740778564
-0.1784582248783017,2.4758492620192594
-0.9450283519832924,0.5324332068908131
0.7438458963616246,4.637377842701482
-0.1273593870102494,3.1335416959004414
0.7896341464274124,4.856485877355993
-0.2758193748968613,3.260226416888097
0.3515760852406888,0.902345243956871
-0.5534201582893303,0.2424764901412015
-0.1259615951807642,2.225730974026145
0.0251441098294993,1.0259507141717485
0.6765872825140229,4.818117266652417
0.1716850572761157,0.49286541176098425
-0.9247004585803342,0.5651360511756301
0.8313953389720847,4.926018112129767
-0.5337963755462611,0.04301510010478043
-0.5093963806995918,0.4736598474260708
0.6163155631423249,4.994161390575119
-0.1392890755887528,3.058134097342213
0.8128458001338097,5.054471085804947
-0.7879478658052181,0.7389062096242193
0.0609976366757534,0.8821654176051625
-0.3690575253439312,3.007500935338613
0.3011045135231565,1.2768990958073805
-0.440034339075156,2.80028073177567
-0.7142585833942754,1.1223138951526936
-0.964345177891668,1.1259056793574789
-0.5947124201083713,0.3967184594283715
0.6718562419032426,4.900849177606051
0.6647482683211108,5.069979844161043
0.934800801379611,5.057735555992183
0.5135945876052621,4.846721442201303
-0.2622003788866327,3.0500030288933377
0.6072104983210396,5.028246949082724
0.3662363500835093,0.5196034235471245
0.8471796495938548,4.942235093881014
0.6898132465826641,4.7874929197462395
-0.9368204879813724,1.2831964538386884
-0.5194921849800114,0.9516511741784269
0.8592174970333635,5.143099288450073
0.3814943123862415,0.9669503136409595
0.9488750048703196,4.957128816345623
0.2947361080523567,1.285997055193448
0.1553053375541822,0.5504859847143996
-0.1915788097527606,2.907198951744085
0.4663931120781888,0.9868391927419785
0.0751414048956646,0.7412744573771923
0.941070534950391,4.933265745413331
0.6173470770017895,4.958336202902609
-0.7390455564891469,0.6952130770552433
0.4684931647824542,0.4713924354645544
-0.977602027863635,0.4669865001140043
0.4806542604387429,2.2047581561377383
-0.8776189595885946,0.612109098709461
-0.3428278091304562,2.90561929894921
0.9391514141441616,5.180845788370378
-0.8854316859248466,1.041072552897094
-0.4801444973911721,3.126729128951724
-0.3881049160511547,3.223145200873916
0.8864850054900777,5.003830393195767
0.2449119680139604,0.6618152690413679
0.3167147099225942,0.9981541925414394
0.927611727048976,5.1185238243689355
0.6244999334749206,4.856009201700594
-0.3083611339266374,2.5340341840082887
0.6259151514230499,5.159370190746725
0.5899035380969322,4.629264243781507
0.6077539795094851,4.8625103377624015
0.058415494832495,1.5634129911652943
-0.9081877174862882,1.244306596880915
-0.5777036824519686,1.2346063615538652
0.7742384129294007,4.731039820965744
0.0860871742081672,1.1152437798763113
0.6905925321874895,5.380917383075272
0.9170844384718996,5.147237126812659
0.4521231936647811,1.0623393472541622
-0.7817031170862865,0.9024472188053484
-0.4013467118750733,2.792006970712585
0.9837747899186704,4.762764806930725
0.8261401564395459,5.253512606008569
-0.0166846488992515,2.905976209735451
-0.1874671290094909,3.113162977723548
0.5370457552850598,4.5963398416739
0.5241599423870507,5.001772676897512
0.7761618894939504,4.819434186699521
-0.4341054661343924,3.2521505270338897
0.7554195840080979,4.97592024190209
-0.5037106660427733,1.2560044593392687
-0.0621348122488625,2.878799139779113
-0.7580120832295452,0.8626696941519482
0.7517277671165721,4.709875204946376
-0.6553158050222065,1.6373216960991301
0.7783783627916079,5.013423493285734
0.5046143132268002,4.788851983114274
0.7411075648104242,4.668777593423351
0.2652416823638512,1.0653680809825719
-0.934569808770298,0.5479867733352957
-0.7588558223253261,0.48233544114077564
-0.6096472593799995,0.5553366815503161
-0.7741245234301986,3.0563732899709253
-0.8346154470375886,0.86984692766578
0.9503541868113524,4.93705393989721
-0.4044288354097285,3.1800213540320192
0.7768159191749708,5.262106694371276
-0.4280334095111986,3.1539411071353864
-0.8838595344184508,0.5946364488696794
-0.0449827840891052,3.280742895305436
0.2068412545549449,1.3452328590103912
0.7760271923747379,4.894239768731802
0.2101155541463897,0.5988040041370665
0.2660120386776672,0.5923630792960023
-0.0627814176490617,2.876243802676232
-0.5259547788996279,2.868245142643552
-0.8768824729721454,1.1801402727092294
0.3370598249184338,1.1981053309833845
-0.1434090614926737,3.397763124119953
0.6217509851333369,4.879932643537502
-0.3742062764396872,2.818237564125499
0.2228825122347182,0.5183307040043543
0.99188845701963,4.80478020289872
0.2603248232930024,0.9935457409772193
-0.7240070760163113,1.7195485592825464
-0.2188615724392617,3.1553656385407796
0.9003182198694037,4.94266598621433
-0.604748294580211,0.5874812036040413
-0.5553885345863323,1.26113212313605
-0.6587097091642464,0.35068664217897055
0.0776714271137719,0.4261791986056123
-0.976493089935368,0.7411622740910173
0.7749153097332233,4.899472843717028
0.3877159431256269,0.6662951319694813
-0.5708666866406975,0.07992692453821579
0.4800394911239616,0.4491800277981605
-0.3259478628223689,2.7753647205790513
0.9530915280257466,5.020145158915293
0.8971529387944808,5.010630284340152
0.6626677468692044,4.796631544091402
0.1685334057651424,0.9220681434838768
0.1129245687998234,1.2107456982114773
-0.3321912926404229,3.1535840565545135
0.2755779292003979,0.546838111006335
0.6396599545752322,4.6765443590941524
-0.3488757281353929,2.2387346990728694
0.6162882355420953,5.402567721594157
-0.874389792836326,2.0538083697990257
0.061676739283164,1.6552833140024386
-0.4746575148920153,3.21680001943547
-0.3100655473405938,2.7739234866300113
0.5801279956450534,4.4631787575048625
-0.0348864060667495,2.808779173379851
-0.5131638363101856,1.5490038517828035
-0.896724818162719,1.1031140294435624
-0.5247116766416533,0.9794029919518873
0.930919760253686,4.992083867816821
-0.0132998466553482,2.7182903035812305
0.7219323897284013,4.948441449821973
-0.1459668689281132,2.8821624060531663
0.2057223461330781,0.2853182212945648
-0.0419078019380452,3.333835225075048
0.6296068139846138,4.693557342608827
0.9829551212786518,5.101574304329139
-0.8650452957247525,0.21782847353859336
0.5468202733776064,4.996951701779434
-0.1106457374382545,2.8980618115063197
-0.7959341819039456,0.2579098813254028
0.5387761910620701,4.945476057380258
0.7806539733917279,4.916418495380775
-0.6645454959159174,1.2204846089515324
0.9738098039043042,4.914545573360018
0.5633080566149142,5.251523006463675
-0.3038318672855233,3.313358787394265
0.1732269105658181,0.8718106762438406
0.0343070432178811,0.6381596554134734
-0.1712399491958871,3.148965585162816
0.1215429722486798,1.1780757466617238
0.3116143953437418,0.9989902718119883
0.4307668089261625,0.6031142320963272
0.9628860894413296,4.896275020932726
0.112698707085612,0.7301734112674301
-0.0621374983774516,3.0357493179001627
0.4953997574587132,0.6064228993403661
0.6966695065963071,5.296109769968062
-0.0972316433203901,2.7991111681635945
0.7785345768035494,5.156680563417566
0.9094869667429162,5.3025667878666285
0.9699131868013438,5.053112567114945
-0.2189832032821432,3.289353939911037
-0.5900377038203057,0.5982144749640005
-0.9576338112758396,3.010907664707734
0.2468123646231466,1.2624596578450946
-0.2749012257400527,3.4072123296227423
-0.2999176449861851,2.760412179215976
0.2233334624899337,0.5356563738918881
-0.2095518756637862,2.9088783912840306
0.0445334539462689,0.6417819202050281
-0.853262416494796,0.9181942545646947
0.3926133134066236,1.0327261411035014
-0.5935875554816956,0.27851022237337486
-0.8296860515333595,0.9756629556508286
-0.6851638174645751,1.4034222676094918
0.5716260366730377,4.696707594443711
-0.6040578416831104,0.5231019314107492
0.4624632101297998,1.9140015629192182
-0.983010306986584,0.8048440752972476
-0.9345055743966856,0.8270284074974164
0.9097061736750044,5.4746249204219986
0.0733885914113658,1.4169890866065034
0.1019905714028195,0.9994048247543932
0.6244747378448021,4.994319835307434
-0.9700369624097304,0.37222193675537785
0.5493880737552919,4.818790857602343
-0.6290576735736775,0.21959874145503175
0.306194454615867,1.0960936311542293
-0.1280567086329067,3.2384203419898805
-0.1175553472759307,3.20349005782807
-0.8216045669448695,0.7023116656764371
-0.0622633660144402,3.296525359734256
-0.9282495168685244,0.5902708025783084
0.1042619360121142,2.582033639047468
0.8868694500861598,4.660365663847054
-0.5766971490759896,0.2010367767731666
0.3224111997794276,1.0091763776031117
0.9839208933236104,4.951395841930762
-0.8698469926655337,1.906631625395667
-0.9616729551685306,0.7411433559530303
0.6651252957267244,5.191547325962652
0.4301615059388519,1.2002224794751628
-0.200890037955379,2.922242358821285
0.6526505842453771,4.894503263692967
0.5538961232231601,4.959710642626151
0.2495370119492097,0.9289721393309515
-0.5921517950993593,0.6824637561165993
0.0781185943372386,1.5692645114264014
-0.2363798421117788,2.9026732028829785
0.1777459117768414,0.7085619483523856
-0.6276168558990729,1.032489260548163
-0.4921894641114062,2.9980956678122497
0.5700716312792893,5.113232378722934
-0.7940121047061062,0.2400688076868211
-0.4742420491865178,2.973325735990166
-0.9621703009514588,1.5529316933534973
0.3894899268822618,0.4916743527857505
-0.1351089606856437,2.916168207947112
0.344879387715187,2.0568593450468
-0.420885412502973,3.2891554635945583
0.8522891889422073,4.9608740321058615
-0.7566719187440238,0.7788324524091995
-0.1250569551753679,3.246177901832965
-0.6198373549158807,1.0154519536165643
-0.3503545711032751,3.420213521736371
-0.2511514235535244,3.15108688236564
0.6372268765607494,5.36179170453204
-0.3990686424823075,2.60001387450526
-0.3734342538541684,2.926061719646461
-0.6906363320132785,0.8329176046492671
0.5768241581593492,5.283493830411886
0.9304640670425548,4.950858685973119
0.9821363088159504,4.814858437707251
0.4690035700204367,0.617468690828058
0.473836480742033,1.0542584670497277
-0.5023916835677487,1.5262985465641978
-0.1956078606483744,3.154646056234019
0.0914862806786276,0.3469606546800327
0.106527942931659,0.2960412435666453
0.5063238400347394,5.031283226674651
-0.9044475594280934,1.3457057880564995
0.6993243967529494,4.810709783040192
0.3037378199301037,0.8488752769662454
0.8114892624112822,4.923637404707965
-0.0815655737140663,2.7693932057750548
0.8467172721538543,4.493305518052305
-0.8336317315298123,0.8714143027658549
-0.1158448615862817,3.1296689628798857
0.8882759571455696,4.755515842850117
0.1318909229929483,0.2112928175997403
-0.6991408900635816,0.8999555439038434
-0.298807399187674,2.8420345559972082
-0.2167617863933328,2.497447913593337
0.5590339775819437,4.969135213733611
-0.43017389155183,3.1581817446393727
-0.9816889558307432,0.6749688522939563
-0.6214402685142519,1.7514223279998913
0.538907247882997,4.952698476214902
-0.3722626962524598,2.7160525617997564
-0.1780168386906695,2.423479247804285
-0.2814120395478214,3.0829794362758136
0.4091634661845953,1.0461187096676066
-0.7764982344709492,1.1569958480518758
0.1929675508978432,0.4700345797454142
-0.2615340638087322,2.998730764313444
0.5060006923553169,4.974499736403841
-0.1184100018580944,2.909546508222893
0.3546110640149114,0.4698824893989104
-0.1718060541780683,3.1218352723629796
-0.3915726252319349,3.439287377992724
-0.7213501338548061,0.19455776205598863
0.2547594227464345,1.5581635316486735
0.7087683734361419,4.869778155326992
-0.5892656110317165,0.7423869177801348
-0.8929347532295937,0.4768275698783639
0.6635743528490434,4.98293833785605
-0.4529067952250518,2.90413134309609
-0.938159754868789,3.286914677456712
0.6599702694097536,5.2082193163559225
-0.7726447020678708,1.0420576268510138
-0.0917205201595243,3.0353033582789313
0.5654155193897075,5.05016239346647
-0.3786508329804736,2.958643733786662
0.4562310499334794,0.7409489606396443
0.5234589197232984,4.848979611262489
0.6334084065949712,4.846980378878597
-0.3771986787930776,3.725411624497238
0.0941788144530484,0.628720960302642
0.9451346832900964,5.247303309095317
-0.8299622939718942,0.5340653585493589
-0.0172082301305718,3.8289058965832248
-0.5037711119917287,0.7391027483104695
-0.3187120898494784,2.6246408692851593
0.0623346508404394,0.288802417180456
-0.1261873992902089,3.4203380019960803
-0.1643887164695843,3.3660068012771402
-0.0456614569271183,3.223889397518893
-0.3251858778258394,3.0931467603633482
-0.7027716304919784,1.1797895766744926
0.5906965107966127,5.136158921621231
-0.1977369986205912,2.2363151450837906
-0.2301797608053966,3.3780716293937947
0.5658227858315941,5.0836596742833295
0.9060763375296492,4.992741679858224
0.4196986671583012,1.1835917220911096
-0.559110891449434,1.0982994949689906
0.3704700562982816,2.2034685911605516
-0.3838633945181924,2.43704488930401
-0.3286078997958102,3.3122435842416103
0.714186384747034,5.199467862976605
0.5669432175775315,4.661706274066113
-0.0535097639779311,3.018552999962366
-0.8306029443202352,1.8233330876880287
-0.4382198535435795,2.5938555110104726
-0.7094691526364052,0.851681272056684
0.2755541969023736,0.2993218805979067
-0.384770084881483,3.050449499719059
0.8082340926662022,5.040190712212289
0.0671497338403683,0.6225087876693356
0.4343863327554609,0.8988660369031811
0.4270443284107512,0.8454078452394094
-0.0931175580357017,2.663369719963557
0.6985590434452149,4.764424103367728
-0.7310970312713314,0.33097204120657575
-0.7937415701674977,1.9681021441440771
-0.6429508175010392,0.495062085677284
0.8495785638850881,5.295806028836894
-0.3539922747855528,3.2872191508481245
0.3644225694489971,1.5950294192105117
0.921629053374114,5.052141687034896
-0.0388161998196583,2.8230004207196666
0.2337140491330553,0.9512576914377945
0.9636304378852664,5.121483065453919
0.8799689919935643,5.006098514397853
-0.7393739956904413,0.12081913679452173
0.7745004321248754,5.334819927818043
0.5598062965412967,5.124969900796602
0.0492686696514284,1.0826052469062708
-0.0574589204623434,2.645371167725797
0.7094894842078074,4.67597978978634
-0.8812299810352351,0.9441102367947145
0.7689552308095338,4.972626444695134
-0.8501838177848073,3.7268768342631162
0.8114117340937954,5.266776602176568
0.4875016726009231,1.3618961283128672
0.0967936012216674,1.2662670874807116
-0.8628800800914334,1.1287065484439505
0.9628302353821204,5.137765453125181
-0.5045614089910251,0.9530430161731054
-0.9630013889655582,2.3207716247781196
0.0648573309903164,1.0949137728569425
-0.8353922604211759,0.524930207900043
-0.5829974731778971,0.06021037413364776
-0.1356111613664088,3.1301336607988017
-0.6760332188577629,0.35828687512081114
0.0631487076218488,0.7774568782617263
-0.790069975991512,1.565894139094685
-0.303700581935004,2.572857427328211
-0.2667657706586435,3.168957016260565
0.2166156886366581,0.7965296428135484
-0.8743687794950425,1.3249885443894864
-0.3883652678326892,2.9076432593483013
-0.6762943524942564,0.8148646724535661
-0.339057584467076,3.1257583719388924
0.5223494417372712,4.888739038098644
0.2906295739003171,1.621420656472894
0.4525120512968785,2.1843389553384807
-0.982458977986665,0.42225421773342137
-0.5895870238651475,0.4696898766960639
0.5480374622496544,4.742216058380774
0.451479272745275,1.1107838063128694
0.4774187620306194,0.846581359546997
0.065532847523748,0.6268732249676586
0.8011192636117603,5.441089138947509
0.9670428743670456,5.097494630543521
0.7604011493181482,5.302434906885206
0.7157544727602352,5.294705493377796
-0.945870779860102,1.7868021147386308
-0.2938940282214284,2.957794163083892
-0.9262119545928584,0.7179786571110442
-0.2767857157802622,2.380400043732862
0.4234414285385761,2.0145676227941665
-0.6439925226142944,0.943207776443855
-0.574072399702537,1.0884883521013096
0.003198375716394,1.36914473973314
-0.4149902188089549,2.7008795655248212
-0.0062458140996193,3.307375829112644
-0.4584323713456733,3.1767620468006017
-0.0266029838185299,3.1321114918474606
0.7391806323832313,5.168306397498923
0.8387172383127395,5.1141871402048755
-0.8732426706916236,0.17440132338926922
0.5110075002295735,4.56585658450164
0.2448293884797936,1.7174501771359878
-0.5355405855765447,0.7558114120411119
0.93355917073646,4.705291237767273
-0.5843793516093125,0.9393493745842809
0.8359894727262007,5.242740229099285
-0.7973646092230942,0.4373103697901656
-0.5086566597686579,1.4693697723616934
0.2069952442072278,1.3983760906788087
0.6279821434532851,4.837869079262807
0.9942637858371636,5.009271146093622
0.9223552955247732,4.91652070259579
0.175198338985987,0.6758994091839255
-0.0499987436236288,3.487289488043446
0.456046837698403,0.8310745847959015
0.0132583896415519,1.3526394887193824
0.3814616610565224,1.5668117151372694
-0.5405602534861356,1.4167976170343133
0.8738665496063649,5.016555434616055
-0.3830462281783962,2.9135788634921274
0.4858312854279472,1.2589348584840914
0.6018838008500578,4.742415815542999
-0.6409744230198662,1.4627736375840434
0.4078802382386788,0.5475186963417601
-0.6733777667942751,1.4623853105788887
-0.827186703386678,0.7021856504791647
0.5944561037140541,4.9908811619933795
0.2028638894198104,0.712406939786391
0.6105972957080785,4.8066940037165615
-0.2602696461345299,2.654821137127458
0.0585432366612179,0.797220180332562
-0.0790684141633171,3.6718214911859257
0.3640798185225147,1.1856654190358678
-0.8890532926899177,0.9491622083035921
-0.8717896531643294,1.8805809502406268
-0.7005516242413494,1.193214318128181
-0.0308841360943799,2.929585595739388
0.3520948284137937,0.6871135046811154
0.2819267497977702,0.45854873883694436
-0.4225298362034453,2.570300848931227
0.5635441888964063,4.759906816290162
0.3341264847424678,0.8573868646077916
-0.996829556086918,0.3972672130797372
-0.2702869907051761,3.298720068731728
0.0692792176650827,1.1530863963555398
-0.8716021988137284,0.881578804305402
-0.3066316298762148,3.3043586864049024
-0.62475932935614,0.6806636875713903
-0.3773429224750564,3.503326707084777
-0.4955614121896872,3.57713701913906
-0.1187472493087611,3.657721732406085
0.0397917515396344,0.6325352728107626
-0.6197417877495552,1.9322297992458193
-0.8824279213866595,1.4033197546454246
-0.5288817588266939,1.1903995872890203
-0.9216878335053572,2.9267517138419805
-0.1109317221488461,2.4215330492610883
0.8855783867364426,4.813433065404491
0.5065999412665934,4.981910369121832
-0.5668693657526094,1.0954825625574758
0.3030762344009017,1.1435595115634627
0.368677469259874,0.9177523987357424
0.1405203537970607,0.8774067973734101
0.3428931136381452,0.591447990324869
0.8914845800254703,4.742778044066718
-0.52379199171334,0.4018293979293984
0.0935437597854256,0.39216902007592175
0.7442706823837879,4.756137064502676
0.0918141039239535,1.8623275509455728
-0.4926827320705296,2.864279148739564
0.7583207228276438,4.741717734872429
-0.1318970737819729,3.105020866648146
-0.5498435786883715,1.3015268452953048
-0.3800735443843728,2.6940435657146327
0.0665024847185924,1.0740480806556436
-0.6136278440977159,0.30657861949827137
0.9721851376917036,5.025258281826658
-0.0947214539803091,3.1310605930132374
0.7511848573329314,4.4940377042014
-0.7982709556421408,0.6086429861893823
-0.450056273735359,3.0254984511022465
-0.9548222930948328,1.147974805744125
-0.6086500146048313,1.4708424418307262
-0.6678788947032166,2.181447713756883
-0.7188319577835598,0.8458827738101409
-0.4957811276344062,2.6211962683388372
-0.0502218539432339,2.9233277692001067
-0.1383204209431481,1.927133111171099
0.7869176302241563,4.898457768463145
0.921966468223598,4.614275640571436
0.4667580048783202,0.3158865386132638
-0.885382730402897,0.3250190889025383
0.5106273251694415,4.967552077894783
-0.9831391554326891,0.5417542879938196
0.1929093200398295,1.381723669859432
0.8484219019372581,5.069535232140331
0.9458415298858548,5.128895800531422
0.9990832318807784,4.80753071913752
-0.3599397159493578,2.6132976679474504
0.4207163268036797,2.1475815007950345
-0.866471729418286,2.1642851534254577
-0.8280891605697804,0.6638617226439292
-0.6068763381055944,1.2114122937041145
0.3987202912659739,1.0268354086128688
-0.8988065765679178,0.16327614255983086
-0.4201632139583355,3.023355097096868
-0.1500157771326584,2.838622668418962
-0.1579756873699696,2.653875745147211
0.1108931040284664,0.43611551310834606
-0.2987191942691845,3.2494607500378168
-0.0129963596560238,2.9704047490717964
-0.7959902742735157,2.4766889803824705
0.3010416599834209,0.7541448201230607
0.2080760016256428,1.2469339844523668
-0.958103416953721,1.2541023999132996
-0.7562659913454195,0.11285244122778887
0.5337833749786667,5.071405580586048
0.9020839777161832,4.892068887967818
-0.277158769488292,2.887407294564806
0.8971855072164827,4.846291693201007
-0.8090441803123674,0.21446441909280986
-0.3328356672059536,3.2736159071320126
-0.8079092401466892,0.9380964021541383
0.7241255991834854,4.574303158138937
-0.4037106828654224,3.005843348842065
-0.7375562054797662,1.2777767111390084
0.6999685533577056,4.888450651122078
-0.8067872961206228,0.3535984645486971
0.041630720565521,1.1183600842059582
-0.3610167433991644,3.088952582823113
0.0585978683310008,0.5189172111303241
0.6599883327833749,4.941906924996947
0.101395497195146,0.9181916641553792
0.7923850718300816,4.644547876837375
-0.7819644074956935,0.9956446393916554
0.0514106710738708,0.34086248979889816
0.3278078957084585,2.9888866091027864
0.2850082415626558,0.8618056377271742
-0.0208503615624007,3.4237912762175062
-0.6362283221944656,1.4400197040945704
-0.5306712202500923,1.8429139621547472
0.4031336284963953,0.4475696266141048
-0.1216319779053642,2.9050938146050083
0.8769773030970578,4.925121035712385
0.5429460556424803,4.564652399567841
-0.9947272059103583,2.0579393135026813
-0.3340987750193265,2.6787904780160487
-0.2105609643052488,3.0908756412481933
-0.3075440352487528,3.4194104371187533
0.2081085527938315,0.17866040369538425
-0.3861022584914244,2.5267772512657216
0.5366290506340361,4.6783274133469686
0.5391004489778055,5.337014329363179
0.5557057447479354,4.786276472528217
0.6495433733394589,5.003081915954062
-0.4124785295924877,2.8917087712489518
0.7812036432744176,5.218686433292071
0.3035930884021323,0.5415773312720639
-0.9801323391284608,1.3469936680175856
-0.2914304543428567,3.1695888091315414
0.4370903334694327,2.4151511883572048
-0.6205955796486715,1.6118436562828828
0.8516900630438218,4.948426647061445
-0.1006102892981883,2.7675930266080337
-0.4340731289425055,2.8163498209171753
-0.6602141555243044,0.2871076654672664
-0.9980703181045844,1.4810178725368404
-0.140534250275061,2.728461967278167
-0.9337940494295937,0.3805569881074222
-0.5916289544544264,0.7376115070890583
-0.8519223412746257,1.1891656498700671
0.4143544024819336,1.0680454868746878
0.2881377026464351,0.6257743598546999
0.7360242544151776,5.300734763465313
0.3379144580926092,1.3314742904878638
0.7513202770167677,4.964211872612677
-0.7929706402041314,0.9465430228833055
0.0808692500735976,1.1282533164167885
0.3834856690914503,0.8556605888466265
-0.968293599231473,1.1421859980444369
-0.4595335666340729,2.875605845629661
0.2760938811288762,1.7233093278734624
-0.0176969568313232,3.272949549670167
-0.0886493859911139,2.6638370369568287
-0.1671269121261223,2.8701385755522377
0.8274904763171391,5.2400657218125515
-0.7992164094553198,2.6660945600210395
0.3781029426109228,0.7310691266262141
0.0632835647276415,0.3076214923564874
0.9209697927404046,4.921425719842481
-0.8494837444516545,0.30443411122725683
0.1038986959607148,0.7240324876378138
0.4803918671577631,0.44223671028332995
0.4930462308654828,0.8960445678096947
0.9577698154261528,4.805026307194008
-0.9336708766950392,0.4835465158494947
0.4782274117717571,0.3301637984443209
-0.3023155268712345,2.1610643991608702
-0.7469131381434422,0.18230521388773
-0.1532828230155039,2.801745550314951
0.1483866415087986,1.0951739344950642
0.6535672022425363,4.710231313097509
0.3190591544199634,0.18855049075765695
-0.49427910058501,3.1646470136721243
0.5248099973492109,4.951883274449284
0.0091418807781609,0.3912227985311219
0.852353207254887,5.134057588333238
0.8898056524693658,4.87883041340091
-0.5478597207602338,1.4518710393863585
0.0919352232463268,0.40908645130297727
-0.2571409912070708,2.362226057760799
-0.667850594574328,0.915107537334679
0.351354728590368,1.1681575300242886
-0.3001212202311214,3.3112792651050786
-0.3112713638217637,3.288207739648238
-0.2465579629703256,3.441852916180715
-0.151007600853144,2.74019156621668
0.4471439662699032,0.7893000939651493
-0.5410492353322987,2.2512159061279937
0.4046709412493774,1.1547972872559562
0.1455991319214236,0.9364551480883712
-0.8925719945826842,0.6757412415123973
-0.9539922092326528,0.1982129415813789
-0.6534709893020323,1.9032227478537083
0.0464403529396995,0.8477415984168687
0.2239860828101498,0.4049336407942218
0.6580068817631275,5.190648200035588
-0.5383260921847071,2.5679630735921246
0.1525946430922489,0.9069430996090633
0.3499977571277486,0.8648693207865588
0.7838951281714008,5.014235190230548
0.3143822136445664,0.3685435005516943
-0.6480763323448044,1.6674672971448876
-0.3152097044564834,3.0351236052997965
0.1421097492934704,1.065166377243261
0.6246294335533633,5.141068885159275
-0.7344235829772285,0.9771351847024462
-0.7111533800796157,1.628660160534459
-0.3852004074338853,3.135293907435699
-0.8737792455854416,0.5968705516746082
0.0675414445785542,1.58034391416715
-0.5515053366542986,1.2810320839852019
0.7987764799299826,5.142475645448698
-0.1374789603750961,3.1396029606788765
0.0778518699941288,0.510768057012496
0.2188845942857433,0.4938223928736955
-0.598849315770908,1.0838200212313096
-0.2378652218857695,3.111222056707452
0.1654261136402963,0.3359320027791331
-0.2921660474065826,3.1366346912356473
-0.7048402760452037,0.5657524257225326
-0.0150335795613489,2.7466628702742124
0.2415012855500578,1.212276028429509
-0.6212486837340441,0.5110768572439475
-0.9657286491045872,1.0775908048354845
0.6032224609679655,5.10908985373831
-0.9073482274575672,0.2936098276480633
-0.9701968432920268,0.6062187079201571
-0.7964368094087169,1.1233747142382875
0.6536925271457872,5.064210113031668
-0.5936015088614657,2.8642314832448563
-0.9776635897857407,2.0027082008701123
-0.7613753636192009,0.6516133952881132
-0.5437443543006235,0.40979135072077943
0.9586650316953802,4.692066452216423
-0.220699662384457,3.109766975171803
-0.3071336750420324,3.029521698734031
-0.6370693912897516,0.23437635153294903
0.9478394368491948,4.735454552762173
-0.9336970729945736,0.6262031410058448
0.2406670909597783,1.2578671892208313
-0.975350393416302,0.6337688595584525
0.6062476845029976,5.160532930014087
-0.5853299903995719,0.8237278251991447
-0.1161606694558228,2.8236119787094363
0.9760881727480551,4.952709917595663
0.2592202406372559,1.275673971241656
0.0813681101755436,0.7421039413551621
-0.4407199292904526,2.931060915974164
-0.8407496755358099,0.44700057921437275
-0.107061086846818,2.898064077352909
0.6475121574322851,4.934724108402587
0.9322917915766986,4.97398544480523
0.8791426010602417,4.904338514061063
-0.6720015906955179,1.192230192312982
0.2476482310870134,0.924284439589496
-0.142844572443568,3.4001789313482895
0.48656113802209,0.6523902844466503
-0.3182739678383504,3.020358448819814
-0.7120495955782993,0.664047089705972
0.6830062581694651,4.775454698906227
-0.48174754714157,2.8021355126142935
0.6153312563225268,4.892345635753615
0.0348176665482835,0.7190051111394073
-0.2049457015232789,2.972129499179444
-0.5736271835764275,1.8166664314399676
-0.1006427969906815,3.264537345348661
0.5345854468106026,5.345976287641366
-0.606510535575596,1.592614434425973
-0.5274983480497388,2.1462394915298173
-0.8048340493047204,1.9291058052735486
-0.7902806012029269,1.612379486644866
-0.4876187369175426,2.684930900279877
0.6187128519746061,5.186779306092021
-0.9580791427237788,0.590301591173459
0.047960260854843,2.489537093112473
-0.8936134309906896,0.275324097499096
-0.5036282395902048,3.1390135653439373
-0.2489979425475907,3.1836460846507406
-0.7640932467766477,2.179138478733374
0.5309297831597506,5.606614815660317
-0.2345005785285112,3.004917416825009
0.9561771639841324,5.245986708702653
-0.324762223676208,2.6891645920078457
-0.7980200148029788,0.45254571092313495
0.0281868843963288,0.9736073748123412
0.9158344951733668,4.814266576833507
0.4542468289502677,2.1094142927200323
0.3464381808034942,1.6033310819056072
-0.1308059689011238,2.6053610878182125
0.6975450695147467,5.410238019591176
0.3422007377986689,0.8750913993999754
0.0865237436551975,1.376131925250046
0.3737341035102706,1.0554863334288447
-0.7672771936659555,1.9837954983815453
0.8046451240697854,4.8969829278836885
-0.246996260126697,2.4362703884404695
-0.3603023200417909,3.3002672800659143
-0.4814561470873049,2.929775324121608
-0.0618651856563332,2.7184649968366292
-0.1746798383010481,2.918677393207618
-0.5812151741302749,0.9860982378962171
0.7996114694351815,5.217866670703437
0.5319055222503473,4.8194032176622885
0.7333988406325116,5.317373154146433
-0.0880330333257644,3.1233169294019083
-0.5131608096824976,0.34867912813744034
-0.3517984395756426,3.0916344854603555
-0.0889329175133006,3.003977088996874
-0.6012072098191106,0.4775542363263067
-0.7378488703521833,0.18769980883951337
-0.7650624527274534,2.246096449230078
-0.5296054470850908,1.7713305804464878
0.4912393412142226,0.8843080441699183
-0.7354167784133236,0.5201299939462029
0.0705369329913099,0.7913359864757907
-0.5808985482012496,0.49764379164968325
-0.193324896780112,3.2577477712298366
0.2272755024717687,1.199183997248492
-0.2486017466963459,2.6529567385979504
0.969498402979365,5.553898127405177
0.837458745061781,5.050046108012709
-0.2574078368130519,2.7435524911284004
-0.8737075487079584,0.2438091011469788
-0.2601284074584367,3.348722338665449
-0.8667328461882076,0.5214383329026189
-0.2859549891158459,3.1698651349869107
0.94814840381361,5.163930752640046
-0.0461103175177202,3.095096864000105
-0.040749227688851,2.9967112789815156
0.1908273484729263,0.5610979053759183
-0.9345227719263098,0.10317240943242913
-0.9517709569814417,0.6651567158571827
-0.5741379377852067,0.3717705777342665
-0.3840271863420033,2.7615279092286387
0.7716306849584238,5.3293546853917935
-0.8422465871937983,1.4654287940786879
-0.5906484996003416,1.7874803491378566
-0.2517607408454885,2.803808161618006
-0.9361688296512732,1.1141702749383793
0.9025851451005704,4.510225591620683
-0.880523300152853,1.4508565456264453
0.6542564741319448,4.944059107820834
0.6535842170736392,4.983651994228615
0.2209808299399953,1.9063470229725898
-0.0966888904492067,2.4955918064057707
0.901247449191284,5.026820582709588
-0.0146944477859436,2.9330270384072925
0.9729707145629868,5.0935548716191414
0.665559540892326,5.24782633294893
0.4403758421696777,0.5158196336474999
0.7535257723291204,4.813387049640198
0.2781070988818177,0.42777545028130115
0.7409848529790035,5.085923975038288
0.6137500682250701,4.857414030883367
0.7566176557937874,4.8780462510022256
0.7169990193730302,4.93936419579033
0.3283180101133272,0.6694995589418713
0.2312200275236051,0.36127550660660307
-0.2016881718386249,3.529300218968382
-0.6575415611946709,1.7534758278093903
0.4902998515550369,0.8250249894011729
-0.4816553102562022,3.0587519926079283
-0.3610522844448141,3.2936339800675674
0.524943825660638,4.975798439815724
-0.1110273269091994,2.6311484519989494
-0.80893539401075,0.33589428128026283
0.3479795478822798,0.8905118410534376
0.1893548845891244,0.6976567073804939
-0.0552671844641927,3.6065406355525296
-0.4608558536090137,2.14980247307777
-0.5386837447451682,1.6148586144190578
0.2674413086104752,0.8266429638542496
0.6617053911928557,5.125522185996771
-0.9927760238098036,0.6895362671791216
-0.8476525017962231,0.9014099572997936
-0.2836248467933808,2.328563912814314
0.5735147901942643,4.787978870397341
-0.4627369419553162,2.834244163021715
0.9458417635511472,5.470592604398208
0.380213836388102,0.9033807165086628
-0.6559495720977238,0.4518033876990493
0.848925794003379,5.061487803358043
0.2737391205899335,1.9494230825717827
-0.120744019805826,2.6042773841706275
-0.1159771693847557,2.8520439382031504
0.4791737949946204,0.4976254489906335
0.6734444182045032,4.806478222986408
0.8299798388519901,5.181170652660265
0.950195623298766,4.8769673736312384
-0.1541234410857426,3.1839928396594632
0.3012572244066234,1.0264817407166815
0.4296303178919052,1.3181781129559724
0.0712452137057295,0.4646733900177375
0.1016696320491608,1.3483366260222753
-0.2288044159228879,2.617118419673357
0.6112504855051601,5.286367488487744
-0.3869832518455383,3.254106732006255
0.5879929397281203,5.1033318661860605
-0.2431130998995678,3.2110412350578112
-0.8882737889987165,0.260226200642784
-0.2679462166673059,3.490455344709085
-0.2594570452039488,2.386067341766878
0.7846750138444827,5.3854458021826455
0.5412898492795153,5.287903339913631
0.2340652570929688,1.4665131810452992
-0.4846333915060374,3.719329669950931
0.1065791168817151,1.7753724266303994
-0.5214167150390103,0.32778707737927953
0.6953714696995368,5.224068060835946
-0.8405996102748501,1.5958444213665193
0.0332920414112121,0.5865823066166007
0.6918198189932971,5.0657459811930945
0.3344343000308778,0.6831014011414923
0.3610119503514779,1.862146155986705
-0.0004372785064135,3.201884196380279
0.7499058727205139,5.147590708161217
0.887332485916313,4.9153653885620905
-0.3668338601681851,2.667187811182723
0.0312468689957488,1.078731822806729
0.0589293083471678,1.0186007966552912
0.4666897016283511,1.1869522624471365
0.9867515430453688,5.244342281479842
0.6072113479457699,4.604896944785877
0.1755602331806802,1.49772442079613
-0.3280122161726573,2.89599973192681
-0.8243229723994399,0.4851422517107515
0.3970114066093231,2.2643150996071086
0.882232303406667,5.4054003844371135
-0.0359393871152113,3.065592476705176
0.2713098862411607,1.6521216255895075
-0.230572645546019,3.3097436549642385
0.932145257861366,5.152829534874438
0.1070069819423622,0.6867166143564934
0.6564798004914576,4.891861835003879
0.3391051445093156,1.260755418422114
-0.1257972174841493,2.666556049397128
0.3582884880847141,1.1363637464278546
-0.4415832601344023,3.50032686341819
0.4550984024982598,1.5593304021542382
-0.449672830806501,2.8175552801914483
0.5003619853758476,5.094712049498406
0.2906561913060834,0.6681137782676517
-0.1419889999300796,2.9235681858234104
0.9554339374125468,5.115997573816381
-0.0704558646449915,3.1081559730059958
0.9292660898355898,4.960434685952286
-0.6868997153895087,3.476559262455814
-0.4875382457479587,3.4517457923511485
-0.3107302692393512,3.144182642961809
-0.6736274466383667,1.3325331005403493
0.988625646293206,5.241327570559602
0.883943708525017,5.216330669681632
0.4176842580528375,0.3071723622991242
-0.5675641632546247,0.1757353571899797
-0.3711848719165993,2.707033737554265
-0.3366754475460678,3.6052705673457193
0.5997778503497295,5.160356623166495
0.363372081259173,1.3883551663713054
0.9177418718016236,5.04579635150241
-0.7599195343479301,0.09652934473470749
0.2263247397694543,1.8621351159645172
-0.5763764705252379,2.1783228540843207
-0.4913716011333182,3.02106789519928
0.8799660605256716,4.94224219720038
0.9355644804987971,4.963527739145892
-0.2963294807458276,3.3607947888867233
0.5097963919036175,4.72367816635252
-0.0903167204756425,2.972871099604867
0.5068287853043745,5.249026265473942
0.3934308908085542,1.0139123625678457
-0.5903130603860463,0.07569950231093174
-0.2071319745950182,3.3117468349603945
0.6893943360880908,5.13263908481258
-0.3505475757194398,2.9121329801321916
0.8034975286885917,4.905130016220694
0.2514113376471427,1.276956896105164
0.0110224490491726,0.8590786927571045
0.1631062666807885,0.8610564130938889
0.416539376996226,0.4598117642093964
-0.8871630493584819,1.1704297176370526
0.3615505677679758,1.5664620462495313
0.234087699664883,1.4073792783941093
0.7589839648594863,5.073799843160348
0.8897572504224227,4.950703981883013
-0.8118531756393843,1.5402509349524143
0.0849924146141931,1.3025218925867839
-0.7933218974531431,2.5218329744167214
-0.4981526967411569,3.254523194560516
-0.5796631184052146,0.7150599682392706
0.967125801669537,5.0379876301849
0.2092181995781559,0.9005409686417654
0.3473546943294063,1.5148136678183557
0.3588664985208027,1.1064426066544835
-0.9569211799503636,0.5640674966594993
-0.0431185885361939,3.3891840669364743
0.503688515440027,4.802256241067782
-0.7662711333016445,0.7312674523301473
0.8779895830475466,5.012363193804236
0.9880047449994644,4.955027554722182
0.6890487727810559,4.808065676677458
-0.5052841999330766,1.8469331169598089
-0.2974254508838465,3.14327322093317
-0.5361649166571785,1.4607135945952268
-0.4977077244910823,3.1880294458565896
-0.9690564411709692,0.5579822074576029
0.2586981881121035,1.9807787537608312
0.3513552925325498,1.187892171861672
0.7528345657933688,4.840295100270107
0.3674865284775894,1.4107313938094954
-0.5510367202944293,0.702743765010422
-0.3530401224580362,2.83190942465403
0.6350878040889762,5.338725304100892
-0.4184950712651412,2.8428328044580375
0.9925552370724248,5.299214828700794
0.528107872174417,5.0179101394108505
0.9760951489488012,4.9438445231247945
0.95127221362668,5.341314129936379
-0.1475502997260203,3.104589563849204
0.1768624872709234,0.5733056443700469
-0.9214986197478764,1.6206301247544048
-0.1081359694813863,3.322966584518329
0.3269042452624044,0.5912147245763505
-0.9803045478075249,0.035523814990166686
-0.7606656653972541,2.0320878842485417
0.4991272637314474,0.6419270683148801
-0.6886140025305234,1.3369970877782502
0.696107147123836,4.714243723261011
-0.4836197973975666,2.97306849299944
0.2067318015031345,0.4740962700729307
-0.6160468298120161,0.3164757619158122
0.6161077461162237,4.72047319474046
0.1983259497420402,2.5579972110835856
-0.9760223280292836,0.7600067567658214
-0.2969376876926866,3.2547579565634446
0.4391156037745614,1.275441454987636
-0.2130578503064042,2.692707684598834
0.5789307458852955,4.896255335749961
0.677812263198577,4.784295936268418
-0.6315630840986284,1.3204111405328023
0.2624141992653948,0.36155647884610337
0.1875187727992837,1.6843372610744858
-0.3678616503710132,2.762273531653118
0.6799052412469779,4.737144784272497
-0.1307850289937204,2.88978601665761
-0.473849471146923,3.4330451753084037
-0.1526265231700978,3.567893696791927
-0.7726004284177641,1.1088001214510168
0.3882309091550129,1.3875414453224677
0.365961376878444,0.7075037821244929
0.4538115810872893,1.1611585055784115
0.0167809102490561,1.4106030581706108
-0.874515769248795,0.1612779603602593
0.7981247830825033,5.023212194276468
-0.2526527781752288,3.033219089629451
-0.6618523383686647,1.4078754050124727
-0.8015074668665945,0.9124321914529437
0.6665698402015319,5.0333339371757875
0.6007913008008563,4.7598377717858655
0.7989310079472085,5.08265668856093
-0.3676942910215366,3.612782811568342
-0.0759322349159485,2.9792300548628643
-0.9585670569400152,1.060613291854651
-0.3748752572806737,2.896298970432796
-0.9599049861250182,1.1425917920163748
0.340306082158162,0.665924886975972
0.8425516251738492,5.036724453489055
-0.9156129600951703,0.3262884889129133
0.2996993180409757,0.7350158426583728
-0.4800243036695606,2.946570068208526
0.3416959390927578,1.1006012898934883
-0.3067718754843214,3.40876424007231
0.973597142386632,4.871057987422553
-0.8458490587033511,0.035005863876626166
0.9621674047546948,5.286648068001326
0.168130471771537,1.505641903445353
0.5187123792392709,5.122759529621377
0.3109450932003796,0.6156131090877622
0.8082094672317874,4.435415034594165
0.714306716651258,4.993697749179339
0.1189565868322723,1.2763958731050855
0.8730729251376876,4.969447929018611
-0.6447915465022869,0.972783292708207
0.4317680168368591,0.9909483494721871
0.7699407854264977,4.98200551845874
-0.8030846992713958,0.1940156292870791
0.594333378893239,5.024120382915297
0.6598755845585575,5.112847403575307
-0.5562554669757442,0.8577243442057851
-0.2747266295206763,3.063476998512715
-0.7649149388255612,2.383774108461457
0.2864997989614091,1.7741210762837092
-0.0332903439857958,2.9728334915104404
0.8239834282649099,5.0664757931786495
-0.5820987192413034,0.1672499415907906
0.1433205185700083,1.5610326325448245
-0.7186010043788633,0.7908596295314275
0.1076976429626106,0.586983218623482
0.9910865403445176,4.767040355330304
0.9941520968597384,5.36157032115128
-0.1534208269570287,3.32814893261271
-0.8976655571261682,0.4560085039103151
0.961429418250746,4.89254375728624
-0.7956114019468901,0.75420477558211
-0.1416657114167645,3.0167849009667065
0.2542679347619814,1.1580285340409153
-0.5086128621106667,0.2984385917308953
0.891455663161649,5.1115746646084235
-0.8694897454314097,0.3068251932760433
-0.0827468962210389,3.2763211884748467
-0.8794559512548279,0.2484537237549015
0.7880385238175507,4.670639631640876
0.0933772282566418,0.44450855043206944
0.9622039394773652,4.748496337241784
-0.6374539777045507,0.22106539577574238
0.5765421528644494,4.910013475003145
-0.8998648992998444,0.9677325250313462
-0.6089005978166493,1.795244383032173
-0.7971799989893196,0.28599868091877945
0.9738608967917572,4.801129937775022
0.3995322016371396,1.068207370873424
-0.8991507377010131,1.0131135395235764
0.2060768877596732,0.34451021786012515
0.4498890651694973,1.6864069759458677
-0.7465815647600547,1.0293257266557019
-0.5277505715976796,1.2012113269949647
-0.5757044076570603,0.517587793953742
-0.2014812522426681,2.719412086141571
-0.6413366800801426,0.8157332377081613
-0.6112015224068585,1.2163570363238365
-0.069950441933531,3.374531168121415
-0.1870770749124513,3.587351281108597
-0.1196885783790442,2.977949543924032
-0.8006044156453949,1.4113882037468983
-0.7272734912628209,0.8231786675795162
0.8074242709754957,5.237500298080159
0.8194623609213818,4.909642895898394
-0.5747452057551343,0.6561163101040495
-0.9685358315092368,1.3705324794239673
0.7267852030679309,5.187841143884045
0.4966539251641741,0.8483513281485239
-0.3212036887069456,3.0124950144723472
-0.2095205919893557,2.814329857471408
-0.6852065549483577,0.230487219575031
-0.7211346724427925,1.2197549327977588
-0.7289098929934468,0.9906281737547096
0.6016181074936693,5.046684247485981
0.2445233809158569,0.3847696167154132
0.3348539144899067,1.104642609325333
0.9979168395078276,4.68565341045591
0.4002678228470122,0.6209015548790138
0.7711655419391943,5.159241020916754
0.843968404761763,5.127995985068702
-0.4734869742332759,3.066639625722333
0.011120302002733,1.0816993443125094
-0.781640970313549,0.2094483744253877
0.6042340269457049,4.981711944297408
0.4784860854804533,0.7001608767428847
0.2735036178454519,1.6692664901340604
0.0386205081759702,0.5622366317139325
0.7187018630703821,5.220427164235041
-0.2399205259997836,2.394597886125558
0.3824292578688275,1.0490914210749684
-0.1605899171161933,3.557487522791583
0.4000794058269392,0.9005536139986556
-0.0985770253741455,3.832968022539088
-0.3392196816101502,3.0113088252066644
0.2615201062951644,0.3975798640468402
0.0047898192381505,0.626363647161708
-0.5855878526012872,1.0145960307147515
0.8263770943494573,5.1270352421911225
-0.9733373585197682,0.5582369224406627
0.5959547268867793,4.874684389109461
-0.724109377849828,0.0679324334590059
-0.2349021657128447,2.8631105114991016
-0.1357608530050547,3.01388220665618
-0.220143512646642,3.0910644605789415
0.3209287072492019,0.97788453195597
0.0104088498287855,0.8377749331560574
-0.0823217366808855,3.5210239929432046
0.6138092809537199,5.103657725818109
-0.5344780128207904,1.5869282252717951
-0.6691700107187031,0.5014157700901969
-0.6735398870247049,1.081631711148785
-0.0292570356493671,2.531353154603452
-0.6335344946378632,0.783628097894332
-0.3266399553373382,3.2288181922099346
-0.2656579062746442,3.1359339052114032
0.6499673820904193,4.949705732300192
-0.4268568613911885,3.069727868815035
0.4228567882782645,0.9173928178246354
-0.1644189284008552,2.609359848144487
-0.1659267168806435,2.5280586608101583
0.6949421855324203,4.784986290801002
-0.1601585753362531,3.075611270862315
-0.0788130128863306,3.091593554627562
-0.245729568104279,3.029034955954754
-0.6528510200876714,0.7736733442699547
0.9188361272404486,5.357491693330142
0.1770050637355593,0.6889307781369299
0.1365838386769255,0.8253036202435011
0.6816899078816896,5.260129181624254
0.9621181609512804,4.877711697798637
0.2636158289535271,1.41030520173134
-0.2039431238367164,2.815990249607293
0.0103414513127297,0.915456462346292
0.61530805978221,5.160277586066784
-0.7865268943721742,0.5941431822896696
-0.8225070556354144,1.1801119327778071
0.2281370145830277,0.7986227972672143
-0.8529877390306706,3.933921270172085
0.242738525840287,0.5336182644039951
-0.789585842056554,0.7766675954329301
-0.7819785433682644,0.9356376390273069
-0.0255490453722044,3.4795877579045538
0.1215580439770862,0.3765654096798981
-0.028546393191561,3.1012589337324052
0.0477000641260902,1.117743605593545
0.6684506039480953,4.8846931018945385
0.9870660991964736,4.879735977417656
-0.218233720495139,3.318673095946154
0.9695417702333148,5.27348705937698
0.4345768105759131,1.1716140501424772
-0.794680912128001,0.5384744945869279
-0.72398135382471,0.384570407996229
0.2718616295801388,0.8652539071315887
0.9031012784770344,5.025999303222645
-0.4174698510168806,3.7134411162891072
-0.7804823699678374,0.9495008978739308
-0.5002195795470814,2.702860443173369
-0.4335197752022819,2.698081109203125
-0.1608517343930153,2.4247942651983574
0.5501940803451995,4.906487096102557
0.3032053925962459,2.4079281447605028
-0.3981122308009488,2.8965740301281975
-0.4879149472710244,3.025331021205418
0.693302480975367,5.036979151392375
-0.6109111679268728,1.4701132007825677
-0.2766434159619857,3.068426770516598
-0.6485383670690741,1.121356540434064
-0.0864922786808841,2.5820893973014436
-0.9574366433220444,0.14415650395580684
-0.145058547020076,3.3219491736308773
-0.7261500129401368,1.250939953833816
0.983569616026028,5.0781454496936504
-0.8241240680256317,1.460735244061751
-0.2657609710900039,3.0034039918188435
-0.2051387939421101,3.2541699834879436
-0.6400400149994874,0.8718193661660747
-0.1804941101799733,3.152410463669733
-0.2976393539674649,3.0493784760075475
0.2022694331222001,1.6898337730808932
-0.3973988974162914,2.9606090232036157
0.3571607009296165,0.6448566266481708
0.1376572767993158,1.074675164674919
-0.322916958149166,3.3949061176382207
-0.3312964692689357,2.4136058196316155
0.7650608443235651,4.936278494901794
0.7307140720221486,4.962932610797557
-0.5825177370172778,0.40352839554022146
0.2478374705022437,1.2152363219689986
-0.5995713166272802,1.391600472374594
0.3788552254125148,1.2101654639468953
-0.3025577463855018,3.233673654568678
-0.3381231656196952,3.497406625329942
-0.7013448816740682,0.6914690434272099
-0.6184487262412135,0.31010433230633194
0.2341967557218949,0.8148999419598772
-0.6564748373537466,0.7560086381754938
-0.2562607492779465,3.23197659954523
-0.2320052842523956,3.33084639068298
-0.9035723300547094,1.0486206194602519
-0.4208572475357672,3.523968715025735
0.3106843917609723,0.9341271985078864
-0.7016085193469723,0.21564367123736092
-0.0483172012440833,2.918757500253798
-0.1935358530175486,2.950684072725547
-0.5666202578206765,0.14483383104731523
0.9138153495653988,4.940369357140889
-0.0947160135081657,2.670370275577815
-0.0290536239636898,2.8993321004615917
0.2548371967724785,1.1286176365103484
-0.3495584762111217,3.0044168577279553
0.033121085950639,0.7181275342813228
-0.0872345376373486,2.5898330268633534
0.567197396188512,5.208521063721839
0.3380296753745837,0.7076658524494602
0.6076996760089459,4.8112163614787855
0.5818999025319163,5.1689620501774005
-0.325359619590835,2.9931730680754036
0.9820356706055208,4.994948286114949
0.7655791214297094,5.108154934599499
-0.3505594007233017,2.7661389151081504
0.9221179565627444,5.257086601356741
-0.1551536128021908,2.8998337824097513
0.2252959146809978,0.9314128995246097
-0.5049512485487242,0.8401378276825083
0.6485096247840261,5.092343668282271
0.6594232587113136,5.193063300457805
-0.1785471848210946,2.411903377259698
0.288445801846392,0.8835337320248352
0.2999626195268958,0.5158827761985404
-0.7147745144187307,2.6548523630440597
0.7068455642173257,4.933284705608679
0.3653171048705395,1.5448732062984152
0.5710500432008361,4.980015496152407
-0.6985417378509644,0.5150128352805512
0.3708478726541331,0.5622065828090949
0.6291040169783355,4.917833965112634
-0.8082250830192963,1.3344306253002105
-0.8814685574663308,1.2416136898442542
0.5200273433720741,4.809758963126015
-0.5181170505739274,0.5942153277180356
-0.4917809250537968,2.7734600176096573
0.4155984416331342,1.0703308308052177
0.0912507275209884,0.4904187297595132
-0.350843237448694,3.0212206285755134
0.5245750624667123,4.873793175888077
-0.727210043402821,1.1839025011610689
-0.328678480971375,2.796946515212551
-0.2328893825748843,3.5674108779389044
0.0425255258483259,0.48116070039725034
-0.5190272118822297,0.7478147632204604
-0.7655084278408202,0.9217259321379836
-0.7923551768880186,2.370353368670916
-0.4354499983506723,2.8919298582414927
0.9008989606634076,4.476432456382774
0.5431795640671162,5.509405961125837
-0.4839030388659646,2.9796048081811994
0.8469621511766594,4.990043014734188
-0.3076690013881162,3.0029007479742593
-0.3209826129176187,2.9849515524848846
0.4980262905380155,0.6412462650961521
-0.2130636465906892,2.6057504371027695
0.8462587021599182,5.110124642947736
0.4900784275302212,1.8956257253846511
-0.1786003500382993,2.7141004811506817
-0.2947623935979664,2.135786286221083
0.7240715479240265,5.173588873411044
-0.8176725755881216,1.259457066304832
