-396067024669.79,-784492128974.78,-595403178118.85,-537596999175.06
-396067024669.79,-784492128974.78,-595403178118.85,-537596999175.06
-396067024669.79,-784492128974.78,-595403178118.85,-537596999175.06
-396067024669.79,-784492128974.78,-595403178118.85,-537596999175.06
-396067024669.79,-784492128974.78,-595403178118.85,-537596999175.06
-396067024669.79,-784492128974.78,-595403178118.85,-537596999175.06
-396067024669.79,-784492128974.78,-595403178118.85,-537596999175.06
-396067024669.79,-784492128974.78,-595403178118.85,-537596999175.06
-396067024669.79,-784492128974.78,-595403178118.85,-537596999175.06
-396067024669.79,-784492128974.78,-595403178118.85,-537596999175.06
-396067024669.79,-784492128974.78,-595403178118.85,-537596999175.06
-396067024669.79,-784492128974.78,-595403178118.85,-537596999175.06
-396067024669.79,-784492128974.78,-595403178118.85,-537596999175.06
-396067024669.79,-784492128974.78,-595403178118.85,-537596999175.06
-396067024669.79,-784492128974.78,-595403178118.85,-537596999175.06
-396067024669.79,-784492128974.78,-595403178118.85,-537596999175.06
-396067024669.79,-784492128974.78,-595403178118.85,-537596999175.06
-396067024669.79,-784492128974.78,-595403178118.85,-537596999175.06
-396067024669.79,-784492128974.78,-595403178118.85,-537596999175.06
-396067024669.79,-784492128974.78,-595403178118.85,-537596999175.06
