141527250954.37,141527250954.37,148169390236.0,141527250954.37
141527250954.37,141527250954.37,148169390236.0,141527250954.37
141527250954.37,141527250954.37,148169390236.0,141527250954.37
141527250954.37,141527250954.37,148169390236.0,141527250954.37
141527250954.37,141527250954.37,148169390236.0,141527250954.37
141527250954.37,141527250954.37,148169390236.0,141527250954.37
141527250954.37,141527250954.37,148169390236.0,141527250954.37
141527250954.37,141527250954.37,148169390236.0,141527250954.37
141527250954.37,141527250954.37,148169390236.0,141527250954.37
141527250954.37,141527250954.37,148169390236.0,141527250954.37
141527250954.37,141527250954.37,148169390236.0,141527250954.37
141527250954.37,141527250954.37,148169390236.0,141527250954.37
141527250954.37,141527250954.37,148169390236.0,141527250954.37
141527250954.37,141527250954.37,148169390236.0,141527250954.37
141527250954.37,141527250954.37,148169390236.0,141527250954.37
141527250954.37,141527250954.37,148169390236.0,141527250954.37
141527250954.37,141527250954.37,148169390236.0,141527250954.37
141527250954.37,141527250954.37,148169390236.0,141527250954.37
141527250954.37,141527250954.37,148169390236.0,141527250954.37
141527250954.37,141527250954.37,148169390236.0,141527250954.37
