,Method,Metric,Train,Test,Threshold,Rep
0,crps,sse,20947.56,18547.86,0.0,0
1,crps,crps,1051.72,875.83,0.0,0
2,crps,dss,1078.79,949.98,0.0,0
3,crps,is1,6125.45,5298.16,0.0,0
4,dss,sse,26217.86,18679.04,0.0,0
5,dss,crps,1115.89,851.33,0.0,0
6,dss,dss,1077.02,917.85,0.0,0
7,dss,is1,6044.86,5098.07,0.0,0
8,is1,sse,25842.77,18965.21,0.0,0
9,is1,crps,1103.84,859.02,0.0,0
10,is1,dss,1070.83,922.0,0.0,0
11,is1,is1,6087.14,5070.79,0.0,0
12,sse,sse,21673.19,18086.0,0.0,0
13,sse,crps,1074.43,857.9,0.0,0
14,sse,dss,1091.17,948.52,0.0,0
15,sse,is1,6242.47,5285.41,0.0,0
16,crps,sse,20926.58,18592.9,0.1,0
17,crps,crps,1036.36,884.05,0.1,0
18,crps,dss,1047.71,958.67,0.1,0
19,crps,is1,6068.1,5318.17,0.1,0
20,dss,sse,26002.95,18803.7,0.1,0
21,dss,crps,1091.72,868.1,0.1,0
22,dss,dss,1034.9,934.63,0.1,0
23,dss,is1,5948.7,5143.08,0.1,0
24,is1,sse,25645.8,19131.11,0.1,0
25,is1,crps,1073.96,881.08,0.1,0
26,is1,dss,1027.86,939.14,0.1,0
27,is1,is1,5971.98,5151.56,0.1,0
28,sse,sse,22678.9,19513.83,0.1,0
29,sse,crps,1116.32,929.73,0.1,0
30,sse,dss,1153.17,1074.24,0.1,0
31,sse,is1,6449.2,5557.43,0.1,0
32,crps,sse,22304.95,19921.04,0.3,0
33,crps,crps,1094.56,946.56,0.3,0
34,crps,dss,1145.92,1078.6,0.3,0
35,crps,is1,6298.1,5557.43,0.3,0
36,dss,sse,24578.85,19293.79,0.3,0
37,dss,crps,1070.1,905.07,0.3,0
38,dss,dss,1037.63,953.52,0.3,0
39,dss,is1,5901.33,5300.25,0.3,0
40,is1,sse,25554.54,19917.11,0.3,0
41,is1,crps,1121.36,950.9,0.3,0
42,is1,dss,1098.79,996.17,0.3,0
43,is1,is1,6123.46,5459.97,0.3,0
44,sse,sse,21843.67,20687.51,0.3,0
45,sse,crps,1079.42,972.78,0.3,0
46,sse,dss,1142.18,1093.01,0.3,0
47,sse,is1,6242.95,5732.56,0.3,0
48,crps,sse,21843.67,20687.51,0.5,0
49,crps,crps,1079.42,972.78,0.5,0
50,crps,dss,1142.18,1093.01,0.5,0
51,crps,is1,6242.95,5732.56,0.5,0
52,dss,sse,25554.54,19917.11,0.5,0
53,dss,crps,1121.36,950.9,0.5,0
54,dss,dss,1098.79,996.17,0.5,0
55,dss,is1,6123.46,5459.97,0.5,0
56,is1,sse,25554.54,19917.11,0.5,0
57,is1,crps,1121.36,950.9,0.5,0
58,is1,dss,1098.79,996.17,0.5,0
59,is1,is1,6123.46,5459.97,0.5,0
60,sse,sse,21843.67,20687.51,0.5,0
61,sse,crps,1079.42,972.78,0.5,0
62,sse,dss,1142.18,1093.01,0.5,0
63,sse,is1,6242.95,5732.56,0.5,0
64,crps,sse,21843.67,20687.51,0.8,0
65,crps,crps,1079.42,972.78,0.8,0
66,crps,dss,1142.18,1093.01,0.8,0
67,crps,is1,6242.95,5732.56,0.8,0
68,dss,sse,25554.54,19917.11,0.8,0
69,dss,crps,1121.36,950.9,0.8,0
70,dss,dss,1098.79,996.17,0.8,0
71,dss,is1,6123.46,5459.97,0.8,0
72,is1,sse,25554.54,19917.11,0.8,0
73,is1,crps,1121.36,950.9,0.8,0
74,is1,dss,1098.79,996.17,0.8,0
75,is1,is1,6123.46,5459.97,0.8,0
76,sse,sse,21843.67,20687.51,0.8,0
77,sse,crps,1079.42,972.78,0.8,0
78,sse,dss,1142.18,1093.01,0.8,0
79,sse,is1,6242.95,5732.56,0.8,0
0,crps,sse,28079.53,18411.35,0.0,1
1,crps,crps,1115.11,878.97,0.0,1
2,crps,dss,1036.92,940.5,0.0,1
3,crps,is1,6277.94,5039.9,0.0,1
4,dss,sse,28277.46,15625.6,0.0,1
5,dss,crps,1169.66,825.02,0.0,1
6,dss,dss,1767.49,917.85,0.0,1
7,dss,is1,6659.32,4837.73,0.0,1
8,is1,sse,28341.23,15693.76,0.0,1
9,is1,crps,1164.42,829.43,0.0,1
10,is1,dss,1776.09,920.67,0.0,1
11,is1,is1,6635.33,4821.56,0.0,1
12,sse,sse,28825.87,18015.94,0.0,1
13,sse,crps,1134.05,877.31,0.0,1
14,sse,dss,1055.44,938.41,0.0,1
15,sse,is1,6353.11,5014.31,0.0,1
16,crps,sse,28044.19,18593.33,0.1,1
17,crps,crps,1108.96,897.87,0.1,1
18,crps,dss,1034.32,952.21,0.1,1
19,crps,is1,6266.72,5097.75,0.1,1
20,dss,sse,27658.37,16123.48,0.1,1
21,dss,crps,1136.7,854.08,0.1,1
22,dss,dss,1700.43,932.49,0.1,1
23,dss,is1,6578.8,4950.46,0.1,1
24,is1,sse,27539.3,16011.28,0.1,1
25,is1,crps,1135.95,851.5,0.1,1
26,is1,dss,1676.03,935.89,0.1,1
27,is1,is1,6531.46,4918.12,0.1,1
28,sse,sse,29262.52,18905.14,0.1,1
29,sse,crps,1166.23,939.03,0.1,1
30,sse,dss,1092.97,996.08,0.1,1
31,sse,is1,6493.75,5241.01,0.1,1
32,crps,sse,28661.15,19714.62,0.3,1
33,crps,crps,1151.08,949.3,0.3,1
34,crps,dss,1087.62,999.75,0.3,1
35,crps,is1,6488.38,5271.77,0.3,1
36,dss,sse,27572.41,16163.55,0.3,1
37,dss,crps,1127.54,879.75,0.3,1
38,dss,dss,1680.27,950.22,0.3,1
39,dss,is1,6522.73,5059.6,0.3,1
40,is1,sse,27982.52,16762.84,0.3,1
41,is1,crps,1172.85,920.92,0.3,1
42,is1,dss,1344.25,995.17,0.3,1
43,is1,is1,6745.61,5206.15,0.3,1
44,sse,sse,30724.11,20291.66,0.3,1
45,sse,crps,1179.44,988.43,0.3,1
46,sse,dss,1104.3,1012.59,0.3,1
47,sse,is1,6390.96,5321.38,0.3,1
48,crps,sse,28661.15,19714.62,0.5,1
49,crps,crps,1151.08,949.3,0.5,1
50,crps,dss,1087.62,999.75,0.5,1
51,crps,is1,6488.38,5271.77,0.5,1
52,dss,sse,27982.52,16762.84,0.5,1
53,dss,crps,1172.85,920.92,0.5,1
54,dss,dss,1344.25,995.17,0.5,1
55,dss,is1,6745.61,5206.15,0.5,1
56,is1,sse,27982.52,16762.84,0.5,1
57,is1,crps,1172.85,920.92,0.5,1
58,is1,dss,1344.25,995.17,0.5,1
59,is1,is1,6745.61,5206.15,0.5,1
60,sse,sse,30724.11,20291.66,0.5,1
61,sse,crps,1179.44,988.43,0.5,1
62,sse,dss,1104.3,1012.59,0.5,1
63,sse,is1,6390.96,5321.38,0.5,1
64,crps,sse,30724.11,20291.66,0.8,1
65,crps,crps,1179.44,988.43,0.8,1
66,crps,dss,1104.3,1012.59,0.8,1
67,crps,is1,6390.96,5321.38,0.8,1
68,dss,sse,27982.52,16762.84,0.8,1
69,dss,crps,1172.85,920.92,0.8,1
70,dss,dss,1344.25,995.17,0.8,1
71,dss,is1,6745.61,5206.15,0.8,1
72,is1,sse,27982.52,16762.84,0.8,1
73,is1,crps,1172.85,920.92,0.8,1
74,is1,dss,1344.25,995.17,0.8,1
75,is1,is1,6745.61,5206.15,0.8,1
76,sse,sse,30724.11,20291.66,0.8,1
77,sse,crps,1179.44,988.43,0.8,1
78,sse,dss,1104.3,1012.59,0.8,1
79,sse,is1,6390.96,5321.38,0.8,1
0,crps,sse,27151.71,18525.82,0.0,2
1,crps,crps,1144.2,859.43,0.0,2
2,crps,dss,1085.79,962.84,0.0,2
3,crps,is1,6357.7,5115.51,0.0,2
4,dss,sse,30868.68,18519.47,0.0,2
5,dss,crps,1267.69,880.54,0.0,2
6,dss,dss,1179.31,945.65,0.0,2
7,dss,is1,6871.96,5047.02,0.0,2
8,is1,sse,30707.71,18542.94,0.0,2
9,is1,crps,1267.23,880.72,0.0,2
10,is1,dss,1161.75,953.36,0.0,2
11,is1,is1,6874.93,4988.2,0.0,2
12,sse,sse,27851.56,17984.15,0.0,2
13,sse,crps,1157.98,851.45,0.0,2
14,sse,dss,1075.24,958.29,0.0,2
15,sse,is1,6387.29,5078.28,0.0,2
16,crps,sse,27280.4,18766.25,0.1,2
17,crps,crps,1123.54,879.06,0.1,2
18,crps,dss,1060.41,988.87,0.1,2
19,crps,is1,6313.64,5152.47,0.1,2
20,dss,sse,30878.29,18529.39,0.1,2
21,dss,crps,1267.6,882.8,0.1,2
22,dss,dss,1180.78,947.53,0.1,2
23,dss,is1,6859.82,5053.03,0.1,2
24,is1,sse,30638.96,18806.99,0.1,2
25,is1,crps,1259.46,898.41,0.1,2
26,is1,dss,1157.83,967.37,0.1,2
27,is1,is1,6809.14,5058.38,0.1,2
28,sse,sse,27038.09,18330.77,0.1,2
29,sse,crps,1121.51,872.95,0.1,2
30,sse,dss,1043.8,972.69,0.1,2
31,sse,is1,6281.53,5125.42,0.1,2
32,crps,sse,27280.4,18766.25,0.3,2
33,crps,crps,1123.54,879.06,0.3,2
34,crps,dss,1060.41,988.87,0.3,2
35,crps,is1,6313.64,5152.47,0.3,2
36,dss,sse,30790.0,18873.61,0.3,2
37,dss,crps,1235.23,913.91,0.3,2
38,dss,dss,1081.24,981.89,0.3,2
39,dss,is1,6735.97,5153.29,0.3,2
40,is1,sse,30790.0,18873.61,0.3,2
41,is1,crps,1235.23,913.91,0.3,2
42,is1,dss,1081.24,981.89,0.3,2
43,is1,is1,6735.97,5153.29,0.3,2
44,sse,sse,27817.4,19765.07,0.3,2
45,sse,crps,1157.42,939.35,0.3,2
46,sse,dss,1103.83,1044.68,0.3,2
47,sse,is1,6459.22,5368.42,0.3,2
48,crps,sse,27817.4,19765.07,0.5,2
49,crps,crps,1157.42,939.35,0.5,2
50,crps,dss,1103.83,1044.68,0.5,2
51,crps,is1,6459.22,5368.42,0.5,2
52,dss,sse,31878.84,24593.25,0.5,2
53,dss,crps,1243.94,1038.97,0.5,2
54,dss,dss,1065.98,1017.47,0.5,2
55,dss,is1,6346.93,5567.57,0.5,2
56,is1,sse,33916.81,22666.06,0.5,2
57,is1,crps,1318.75,1039.38,0.5,2
58,is1,dss,1115.16,1049.24,0.5,2
59,is1,is1,6652.81,5405.37,0.5,2
60,sse,sse,27817.4,19765.07,0.5,2
61,sse,crps,1157.42,939.35,0.5,2
62,sse,dss,1103.83,1044.68,0.5,2
63,sse,is1,6459.22,5368.42,0.5,2
64,crps,sse,25618.82,21958.48,0.8,2
65,crps,crps,1099.51,982.96,0.8,2
66,crps,dss,1072.04,1061.48,0.8,2
67,crps,is1,6184.3,5645.31,0.8,2
68,dss,sse,32289.25,25479.06,0.8,2
69,dss,crps,1270.4,1090.71,0.8,2
70,dss,dss,1099.68,1062.42,0.8,2
71,dss,is1,6464.0,5748.08,0.8,2
72,is1,sse,33916.81,22666.06,0.8,2
73,is1,crps,1318.75,1039.38,0.8,2
74,is1,dss,1115.16,1049.24,0.8,2
75,is1,is1,6652.81,5405.37,0.8,2
76,sse,sse,25618.82,21958.48,0.8,2
77,sse,crps,1099.51,982.96,0.8,2
78,sse,dss,1072.04,1061.48,0.8,2
79,sse,is1,6184.3,5645.31,0.8,2
0,crps,sse,28286.22,22673.43,0.0,3
1,crps,crps,1119.03,945.76,0.0,3
2,crps,dss,1064.3,987.95,0.0,3
3,crps,is1,6337.96,5737.04,0.0,3
4,dss,sse,18997.84,16389.11,0.0,3
5,dss,crps,990.96,866.85,0.0,3
6,dss,dss,1036.85,942.8,0.0,3
7,dss,is1,5852.45,5174.67,0.0,3
8,is1,sse,19077.53,16463.86,0.0,3
9,is1,crps,987.69,870.15,0.0,3
10,is1,dss,1024.29,952.77,0.0,3
11,is1,is1,5784.08,5145.75,0.0,3
12,sse,sse,26842.92,22330.96,0.0,3
13,sse,crps,1072.91,946.29,0.0,3
14,sse,dss,1020.7,990.5,0.0,3
15,sse,is1,6200.77,5738.91,0.0,3
16,crps,sse,27905.21,22796.47,0.1,3
17,crps,crps,1102.61,954.63,0.1,3
18,crps,dss,1060.08,992.62,0.1,3
19,crps,is1,6336.59,5744.98,0.1,3
20,dss,sse,18821.49,16496.88,0.1,3
21,dss,crps,980.13,876.22,0.1,3
22,dss,dss,1011.9,957.98,0.1,3
23,dss,is1,5820.87,5206.35,0.1,3
24,is1,sse,18878.62,18137.06,0.1,3
25,is1,crps,968.63,923.21,0.1,3
26,is1,dss,990.1,978.16,0.1,3
27,is1,is1,5662.7,5237.87,0.1,3
28,sse,sse,29768.33,23977.41,0.1,3
29,sse,crps,1165.97,1014.24,0.1,3
30,sse,dss,1160.72,1108.69,0.1,3
31,sse,is1,6665.74,5967.94,0.1,3
32,crps,sse,30059.56,24359.9,0.3,3
33,crps,crps,1172.9,1027.28,0.3,3
34,crps,dss,1161.96,1111.47,0.3,3
35,crps,is1,6721.36,5997.58,0.3,3
36,dss,sse,19690.77,18777.89,0.3,3
37,dss,crps,977.56,938.11,0.3,3
38,dss,dss,994.32,981.39,0.3,3
39,dss,is1,5701.43,5381.48,0.3,3
40,is1,sse,19822.22,18735.75,0.3,3
41,is1,crps,1025.64,961.5,0.3,3
42,is1,dss,1043.79,1021.77,0.3,3
43,is1,is1,5894.45,5387.18,0.3,3
44,sse,sse,30059.56,24359.9,0.3,3
45,sse,crps,1172.9,1027.28,0.3,3
46,sse,dss,1161.96,1111.47,0.3,3
47,sse,is1,6721.36,5997.58,0.3,3
48,crps,sse,30059.56,24359.9,0.5,3
49,crps,crps,1172.9,1027.28,0.5,3
50,crps,dss,1161.96,1111.47,0.5,3
51,crps,is1,6721.36,5997.58,0.5,3
52,dss,sse,20634.37,19376.59,0.5,3
53,dss,crps,1034.57,976.4,0.5,3
54,dss,dss,1048.01,1025.01,0.5,3
55,dss,is1,5933.18,5530.79,0.5,3
56,is1,sse,20634.37,19376.59,0.5,3
57,is1,crps,1034.57,976.4,0.5,3
58,is1,dss,1048.01,1025.01,0.5,3
59,is1,is1,5933.18,5530.79,0.5,3
60,sse,sse,30059.56,24359.9,0.5,3
61,sse,crps,1172.9,1027.28,0.5,3
62,sse,dss,1161.96,1111.47,0.5,3
63,sse,is1,6721.36,5997.58,0.5,3
64,crps,sse,30059.56,24359.9,0.8,3
65,crps,crps,1172.9,1027.28,0.8,3
66,crps,dss,1161.96,1111.47,0.8,3
67,crps,is1,6721.36,5997.58,0.8,3
68,dss,sse,20634.37,19376.59,0.8,3
69,dss,crps,1034.57,976.4,0.8,3
70,dss,dss,1048.01,1025.01,0.8,3
71,dss,is1,5933.18,5530.79,0.8,3
72,is1,sse,20634.37,19376.59,0.8,3
73,is1,crps,1034.57,976.4,0.8,3
74,is1,dss,1048.01,1025.01,0.8,3
75,is1,is1,5933.18,5530.79,0.8,3
76,sse,sse,30059.56,24359.9,0.8,3
77,sse,crps,1172.9,1027.28,0.8,3
78,sse,dss,1161.96,1111.47,0.8,3
79,sse,is1,6721.36,5997.58,0.8,3
0,crps,sse,19439.74,16331.58,0.0,4
1,crps,crps,979.12,886.27,0.0,4
2,crps,dss,990.68,970.18,0.0,4
3,crps,is1,5881.2,5078.56,0.0,4
4,dss,sse,18785.34,14162.76,0.0,4
5,dss,crps,971.36,839.01,0.0,4
6,dss,dss,988.93,954.31,0.0,4
7,dss,is1,5855.5,4986.84,0.0,4
8,is1,sse,17878.64,15392.66,0.0,4
9,is1,crps,951.89,864.64,0.0,4
10,is1,dss,981.45,961.64,0.0,4
11,is1,is1,5812.19,4991.07,0.0,4
12,sse,sse,20123.85,16137.6,0.0,4
13,sse,crps,992.83,878.91,0.0,4
14,sse,dss,991.28,965.23,0.0,4
15,sse,is1,5934.24,5029.27,0.0,4
16,crps,sse,18835.63,17065.03,0.1,4
17,crps,crps,949.76,915.1,0.1,4
18,crps,dss,975.25,983.72,0.1,4
19,crps,is1,5816.58,5140.24,0.1,4
20,dss,sse,17501.69,15129.8,0.1,4
21,dss,crps,935.2,866.2,0.1,4
22,dss,dss,976.2,963.79,0.1,4
23,dss,is1,5783.14,5051.41,0.1,4
24,is1,sse,17396.14,15973.62,0.1,4
25,is1,crps,912.69,899.04,0.1,4
26,is1,dss,963.08,979.74,0.1,4
27,is1,is1,5739.67,5112.17,0.1,4
28,sse,sse,19365.12,18156.8,0.1,4
29,sse,crps,979.27,979.41,0.1,4
30,sse,dss,1019.16,1038.87,0.1,4
31,sse,is1,5972.52,5381.72,0.1,4
32,crps,sse,19501.29,18359.4,0.3,4
33,crps,crps,952.77,947.8,0.3,4
34,crps,dss,981.64,994.19,0.3,4
35,crps,is1,5835.93,5211.76,0.3,4
36,dss,sse,17599.47,16744.01,0.3,4
37,dss,crps,909.86,915.43,0.3,4
38,dss,dss,964.19,984.41,0.3,4
39,dss,is1,5762.88,5174.88,0.3,4
40,is1,sse,17599.47,16744.01,0.3,4
41,is1,crps,909.86,915.43,0.3,4
42,is1,dss,964.19,984.41,0.3,4
43,is1,is1,5762.88,5174.88,0.3,4
44,sse,sse,19972.17,19272.77,0.3,4
45,sse,crps,981.58,1003.65,0.3,4
46,sse,dss,1020.5,1044.89,0.3,4
47,sse,is1,5968.52,5409.21,0.3,4
48,crps,sse,19972.17,19272.77,0.5,4
49,crps,crps,981.58,1003.65,0.5,4
50,crps,dss,1020.5,1044.89,0.5,4
51,crps,is1,5968.52,5409.21,0.5,4
52,dss,sse,17599.47,16744.01,0.5,4
53,dss,crps,909.86,915.43,0.5,4
54,dss,dss,964.19,984.41,0.5,4
55,dss,is1,5762.88,5174.88,0.5,4
56,is1,sse,18196.75,17690.88,0.5,4
57,is1,crps,948.01,973.25,0.5,4
58,is1,dss,1012.46,1037.44,0.5,4
59,is1,is1,5927.91,5382.66,0.5,4
60,sse,sse,19972.17,19272.77,0.5,4
61,sse,crps,981.58,1003.65,0.5,4
62,sse,dss,1020.5,1044.89,0.5,4
63,sse,is1,5968.52,5409.21,0.5,4
64,crps,sse,19972.17,19272.77,0.8,4
65,crps,crps,981.58,1003.65,0.8,4
66,crps,dss,1020.5,1044.89,0.8,4
67,crps,is1,5968.52,5409.21,0.8,4
68,dss,sse,18196.75,17690.88,0.8,4
69,dss,crps,948.01,973.25,0.8,4
70,dss,dss,1012.46,1037.44,0.8,4
71,dss,is1,5927.91,5382.66,0.8,4
72,is1,sse,18196.75,17690.88,0.8,4
73,is1,crps,948.01,973.25,0.8,4
74,is1,dss,1012.46,1037.44,0.8,4
75,is1,is1,5927.91,5382.66,0.8,4
76,sse,sse,19972.17,19272.77,0.8,4
77,sse,crps,981.58,1003.65,0.8,4
78,sse,dss,1020.5,1044.89,0.8,4
79,sse,is1,5968.52,5409.21,0.8,4
0,crps,sse,29273.11,19181.03,0.0,5
1,crps,crps,1145.53,893.49,0.0,5
2,crps,dss,1068.21,1007.75,0.0,5
3,crps,is1,5783.72,5822.39,0.0,5
4,dss,sse,20725.03,18915.37,0.0,5
5,dss,crps,1043.6,897.47,0.0,5
6,dss,dss,1068.83,946.53,0.0,5
7,dss,is1,5383.51,5745.05,0.0,5
8,is1,sse,20533.0,20341.97,0.0,5
9,is1,crps,1027.42,938.91,0.0,5
10,is1,dss,1064.15,959.79,0.0,5
11,is1,is1,5351.87,5705.1,0.0,5
12,sse,sse,29401.47,18804.27,0.0,5
13,sse,crps,1136.06,893.33,0.0,5
14,sse,dss,1052.94,980.97,0.0,5
15,sse,is1,5791.45,5859.1,0.0,5
16,crps,sse,29163.38,19274.76,0.1,5
17,crps,crps,1131.42,903.98,0.1,5
18,crps,dss,1091.94,1044.61,0.1,5
19,crps,is1,5711.58,5865.15,0.1,5
20,dss,sse,20781.56,19059.73,0.1,5
21,dss,crps,1042.08,905.64,0.1,5
22,dss,dss,1068.92,950.07,0.1,5
23,dss,is1,5309.65,5767.28,0.1,5
24,is1,sse,19917.59,21810.76,0.1,5
25,is1,crps,1003.09,983.14,0.1,5
26,is1,dss,1023.2,985.31,0.1,5
27,is1,is1,5273.39,5782.45,0.1,5
28,sse,sse,28832.36,19706.65,0.1,5
29,sse,crps,1111.8,925.34,0.1,5
30,sse,dss,1077.84,1053.73,0.1,5
31,sse,is1,5625.2,5932.78,0.1,5
32,crps,sse,28863.16,20266.49,0.3,5
33,crps,crps,1110.58,943.17,0.3,5
34,crps,dss,1077.55,1057.34,0.3,5
35,crps,is1,5650.51,5957.08,0.3,5
36,dss,sse,20383.52,19387.28,0.3,5
37,dss,crps,1015.68,932.76,0.3,5
38,dss,dss,1021.45,976.9,0.3,5
39,dss,is1,5255.2,5914.11,0.3,5
40,is1,sse,19864.77,23950.5,0.3,5
41,is1,crps,1009.67,1074.5,0.3,5
42,is1,dss,1023.61,1068.96,0.3,5
43,is1,is1,5338.16,6209.33,0.3,5
44,sse,sse,28943.91,21223.11,0.3,5
45,sse,crps,1126.79,1010.03,0.3,5
46,sse,dss,1082.77,1081.7,0.3,5
47,sse,is1,5687.72,6237.89,0.3,5
48,crps,sse,31891.93,22596.42,0.5,5
49,crps,crps,1183.55,1044.07,0.5,5
50,crps,dss,1112.14,1092.66,0.5,5
51,crps,is1,5671.63,6242.2,0.5,5
52,dss,sse,19530.54,22849.6,0.5,5
53,dss,crps,987.38,1008.27,0.5,5
54,dss,dss,1009.89,995.89,0.5,5
55,dss,is1,5287.27,5937.33,0.5,5
56,is1,sse,19864.77,23950.5,0.5,5
57,is1,crps,1009.67,1074.5,0.5,5
58,is1,dss,1023.61,1068.96,0.5,5
59,is1,is1,5338.16,6209.33,0.5,5
60,sse,sse,31891.93,22596.42,0.5,5
61,sse,crps,1183.55,1044.07,0.5,5
62,sse,dss,1112.14,1092.66,0.5,5
63,sse,is1,5671.63,6242.2,0.5,5
64,crps,sse,31891.93,22596.42,0.8,5
65,crps,crps,1183.55,1044.07,0.8,5
66,crps,dss,1112.14,1092.66,0.8,5
67,crps,is1,5671.63,6242.2,0.8,5
68,dss,sse,19530.54,22849.6,0.8,5
69,dss,crps,987.38,1008.27,0.8,5
70,dss,dss,1009.89,995.89,0.8,5
71,dss,is1,5287.27,5937.33,0.8,5
72,is1,sse,19864.77,23950.5,0.8,5
73,is1,crps,1009.67,1074.5,0.8,5
74,is1,dss,1023.61,1068.96,0.8,5
75,is1,is1,5338.16,6209.33,0.8,5
76,sse,sse,31891.93,22596.42,0.8,5
77,sse,crps,1183.55,1044.07,0.8,5
78,sse,dss,1112.14,1092.66,0.8,5
79,sse,is1,5671.63,6242.2,0.8,5
0,crps,sse,20219.3,19029.27,0.0,6
1,crps,crps,1033.46,880.75,0.0,6
2,crps,dss,1038.78,962.88,0.0,6
3,crps,is1,6012.84,5315.05,0.0,6
4,dss,sse,21470.87,23418.77,0.0,6
5,dss,crps,1038.88,923.51,0.0,6
6,dss,dss,1034.08,936.97,0.0,6
7,dss,is1,5874.76,5239.16,0.0,6
8,is1,sse,22119.35,23509.95,0.0,6
9,is1,crps,1062.26,932.64,0.0,6
10,is1,dss,1036.45,951.54,0.0,6
11,is1,is1,5990.42,5138.92,0.0,6
12,sse,sse,20480.14,18977.79,0.0,6
13,sse,crps,1037.71,890.69,0.0,6
14,sse,dss,1043.67,969.42,0.0,6
15,sse,is1,6044.58,5336.78,0.0,6
16,crps,sse,20198.24,19082.42,0.1,6
17,crps,crps,1028.22,889.35,0.1,6
18,crps,dss,1037.84,967.81,0.1,6
19,crps,is1,5999.03,5335.59,0.1,6
20,dss,sse,21323.8,23574.59,0.1,6
21,dss,crps,1027.42,936.15,0.1,6
22,dss,dss,1023.0,943.8,0.1,6
23,dss,is1,5838.53,5250.95,0.1,6
24,is1,sse,21661.72,23647.33,0.1,6
25,is1,crps,1025.6,955.69,0.1,6
26,is1,dss,1006.74,964.56,0.1,6
27,is1,is1,5825.81,5255.2,0.1,6
28,sse,sse,20882.44,20369.07,0.1,6
29,sse,crps,1052.09,972.49,0.1,6
30,sse,dss,1092.51,1076.02,0.1,6
31,sse,is1,6055.76,5577.77,0.1,6
32,crps,sse,20275.18,19795.06,0.3,6
33,crps,crps,1021.88,913.46,0.3,6
34,crps,dss,1078.72,1053.44,0.3,6
35,crps,is1,5938.18,5379.91,0.3,6
36,dss,sse,21479.56,23669.21,0.3,6
37,dss,crps,1014.99,983.39,0.3,6
38,dss,dss,1015.34,978.57,0.3,6
39,dss,is1,5789.82,5394.82,0.3,6
40,is1,sse,22143.08,24557.43,0.3,6
41,is1,crps,1056.87,1037.15,0.3,6
42,is1,dss,1058.98,1035.7,0.3,6
43,is1,is1,5954.83,5616.12,0.3,6
44,sse,sse,20236.67,20802.48,0.3,6
45,sse,crps,1023.17,995.28,0.3,6
46,sse,dss,1087.63,1087.74,0.3,6
47,sse,is1,5993.5,5729.0,0.3,6
48,crps,sse,20236.67,20802.48,0.5,6
49,crps,crps,1023.17,995.28,0.5,6
50,crps,dss,1087.63,1087.74,0.5,6
51,crps,is1,5993.5,5729.0,0.5,6
52,dss,sse,21479.56,23669.21,0.5,6
53,dss,crps,1014.99,983.39,0.5,6
54,dss,dss,1015.34,978.57,0.5,6
55,dss,is1,5789.82,5394.82,0.5,6
56,is1,sse,22143.08,24557.43,0.5,6
57,is1,crps,1056.87,1037.15,0.5,6
58,is1,dss,1058.98,1035.7,0.5,6
59,is1,is1,5954.83,5616.12,0.5,6
60,sse,sse,20236.67,20802.48,0.5,6
61,sse,crps,1023.17,995.28,0.5,6
62,sse,dss,1087.63,1087.74,0.5,6
63,sse,is1,5993.5,5729.0,0.5,6
64,crps,sse,20236.67,20802.48,0.8,6
65,crps,crps,1023.17,995.28,0.8,6
66,crps,dss,1087.63,1087.74,0.8,6
67,crps,is1,5993.5,5729.0,0.8,6
68,dss,sse,22143.08,24557.43,0.8,6
69,dss,crps,1056.87,1037.15,0.8,6
70,dss,dss,1058.98,1035.7,0.8,6
71,dss,is1,5954.83,5616.12,0.8,6
72,is1,sse,22143.08,24557.43,0.8,6
73,is1,crps,1056.87,1037.15,0.8,6
74,is1,dss,1058.98,1035.7,0.8,6
75,is1,is1,5954.83,5616.12,0.8,6
76,sse,sse,20236.67,20802.48,0.8,6
77,sse,crps,1023.17,995.28,0.8,6
78,sse,dss,1087.63,1087.74,0.8,6
79,sse,is1,5993.5,5729.0,0.8,6
0,crps,sse,21127.42,16198.44,0.0,7
1,crps,crps,1090.88,841.08,0.0,7
2,crps,dss,1196.7,923.55,0.0,7
3,crps,is1,5792.14,5384.98,0.0,7
4,dss,sse,21046.58,16381.35,0.0,7
5,dss,crps,1095.47,845.93,0.0,7
6,dss,dss,1205.79,920.83,0.0,7
7,dss,is1,5795.36,5328.44,0.0,7
8,is1,sse,19731.64,16746.0,0.0,7
9,is1,crps,1042.13,865.06,0.0,7
10,is1,dss,1127.59,935.24,0.0,7
11,is1,is1,5739.83,5296.87,0.0,7
12,sse,sse,26901.01,17100.78,0.0,7
13,sse,crps,1105.55,880.2,0.0,7
14,sse,dss,1044.12,941.66,0.0,7
15,sse,is1,5932.47,5421.93,0.0,7
16,crps,sse,21040.02,16311.77,0.1,7
17,crps,crps,1077.05,855.04,0.1,7
18,crps,dss,1132.5,941.26,0.1,7
19,crps,is1,5767.79,5425.94,0.1,7
20,dss,sse,20307.76,16894.91,0.1,7
21,dss,crps,1044.13,874.64,0.1,7
22,dss,dss,1199.05,929.89,0.1,7
23,dss,is1,5892.36,5416.7,0.1,7
24,is1,sse,20613.94,17108.06,0.1,7
25,is1,crps,1038.51,895.99,0.1,7
26,is1,dss,1116.57,953.84,0.1,7
27,is1,is1,5776.91,5363.73,0.1,7
28,sse,sse,27135.23,17343.56,0.1,7
29,sse,crps,1101.63,892.32,0.1,7
30,sse,dss,1023.87,952.91,0.1,7
31,sse,is1,5909.69,5462.27,0.1,7
32,crps,sse,20286.09,16936.15,0.3,7
33,crps,crps,991.35,895.83,0.3,7
34,crps,dss,1014.65,958.83,0.3,7
35,crps,is1,5851.83,5492.04,0.3,7
36,dss,sse,21510.5,17587.82,0.3,7
37,dss,crps,1046.75,907.05,0.3,7
38,dss,dss,1120.61,956.3,0.3,7
39,dss,is1,5785.36,5437.77,0.3,7
40,is1,sse,22198.33,18484.68,0.3,7
41,is1,crps,1042.81,978.16,0.3,7
42,is1,dss,1048.72,1028.61,0.3,7
43,is1,is1,5886.22,5743.91,0.3,7
44,sse,sse,28700.54,19061.72,0.3,7
45,sse,crps,1145.39,980.67,0.3,7
46,sse,dss,1078.31,1027.57,0.3,7
47,sse,is1,6085.25,5747.92,0.3,7
48,crps,sse,22198.33,18484.68,0.5,7
49,crps,crps,1042.81,978.16,0.5,7
50,crps,dss,1048.72,1028.61,0.5,7
51,crps,is1,5886.22,5743.91,0.5,7
52,dss,sse,21561.42,17592.12,0.5,7
53,dss,crps,1006.73,921.2,0.5,7
54,dss,dss,1011.3,968.85,0.5,7
55,dss,is1,5770.37,5500.26,0.5,7
56,is1,sse,22198.33,18484.68,0.5,7
57,is1,crps,1042.81,978.16,0.5,7
58,is1,dss,1048.72,1028.61,0.5,7
59,is1,is1,5886.22,5743.91,0.5,7
60,sse,sse,28700.54,19061.72,0.5,7
61,sse,crps,1145.39,980.67,0.5,7
62,sse,dss,1078.31,1027.57,0.5,7
63,sse,is1,6085.25,5747.92,0.5,7
64,crps,sse,22198.33,18484.68,0.8,7
65,crps,crps,1042.81,978.16,0.8,7
66,crps,dss,1048.72,1028.61,0.8,7
67,crps,is1,5886.22,5743.91,0.8,7
68,dss,sse,22198.33,18484.68,0.8,7
69,dss,crps,1042.81,978.16,0.8,7
70,dss,dss,1048.72,1028.61,0.8,7
71,dss,is1,5886.22,5743.91,0.8,7
72,is1,sse,22198.33,18484.68,0.8,7
73,is1,crps,1042.81,978.16,0.8,7
74,is1,dss,1048.72,1028.61,0.8,7
75,is1,is1,5886.22,5743.91,0.8,7
76,sse,sse,28700.54,19061.72,0.8,7
77,sse,crps,1145.39,980.67,0.8,7
78,sse,dss,1078.31,1027.57,0.8,7
79,sse,is1,6085.25,5747.92,0.8,7
0,crps,sse,22298.1,17757.56,0.0,8
1,crps,crps,1059.13,879.6,0.0,8
2,crps,dss,1037.14,946.7,0.0,8
3,crps,is1,5625.48,5404.27,0.0,8
4,dss,sse,22318.94,17319.14,0.0,8
5,dss,crps,1061.29,870.83,0.0,8
6,dss,dss,1058.21,933.6,0.0,8
7,dss,is1,5612.62,5380.32,0.0,8
8,is1,sse,23178.45,17951.16,0.0,8
9,is1,crps,1057.34,888.04,0.0,8
10,is1,dss,1034.3,950.65,0.0,8
11,is1,is1,5608.68,5352.54,0.0,8
12,sse,sse,25137.19,20105.36,0.0,8
13,sse,crps,1102.13,906.9,0.0,8
14,sse,dss,1044.37,977.87,0.0,8
15,sse,is1,5656.1,5708.44,0.0,8
16,crps,sse,22383.66,17870.94,0.1,8
17,crps,crps,1049.7,895.7,0.1,8
18,crps,dss,1027.44,957.01,0.1,8
19,crps,is1,5610.05,5420.55,0.1,8
20,dss,sse,22293.13,17557.96,0.1,8
21,dss,crps,1055.82,887.13,0.1,8
22,dss,dss,1055.55,945.5,0.1,8
23,dss,is1,5622.95,5421.18,0.1,8
24,is1,sse,23014.89,18193.76,0.1,8
25,is1,crps,1045.47,909.35,0.1,8
26,is1,dss,1024.61,965.05,0.1,8
27,is1,is1,5595.49,5415.38,0.1,8
28,sse,sse,25041.77,20227.74,0.1,8
29,sse,crps,1100.98,911.34,0.1,8
30,sse,dss,1042.83,979.53,0.1,8
31,sse,is1,5664.49,5720.78,0.1,8
32,crps,sse,23107.59,18168.58,0.3,8
33,crps,crps,1052.16,907.56,0.3,8
34,crps,dss,1033.18,963.57,0.3,8
35,crps,is1,5610.58,5420.61,0.3,8
36,dss,sse,21328.96,19264.03,0.3,8
37,dss,crps,1031.38,927.11,0.3,8
38,dss,dss,1031.53,969.39,0.3,8
39,dss,is1,5639.13,5529.88,0.3,8
40,is1,sse,22093.46,19907.41,0.3,8
41,is1,crps,1071.44,971.68,0.3,8
42,is1,dss,1075.32,1011.61,0.3,8
43,is1,is1,5779.42,5709.79,0.3,8
44,sse,sse,27737.85,22593.15,0.3,8
45,sse,crps,1186.12,992.91,0.3,8
46,sse,dss,1183.96,1124.95,0.3,8
47,sse,is1,6279.05,6087.92,0.3,8
48,crps,sse,22093.46,19907.41,0.5,8
49,crps,crps,1071.44,971.68,0.5,8
50,crps,dss,1075.32,1011.61,0.5,8
51,crps,is1,5779.42,5709.79,0.5,8
52,dss,sse,22093.46,19907.41,0.5,8
53,dss,crps,1071.44,971.68,0.5,8
54,dss,dss,1075.32,1011.61,0.5,8
55,dss,is1,5779.42,5709.79,0.5,8
56,is1,sse,22093.46,19907.41,0.5,8
57,is1,crps,1071.44,971.68,0.5,8
58,is1,dss,1075.32,1011.61,0.5,8
59,is1,is1,5779.42,5709.79,0.5,8
60,sse,sse,26218.21,23601.88,0.5,8
61,sse,crps,1159.54,1012.52,0.5,8
62,sse,dss,1180.08,1132.98,0.5,8
63,sse,is1,6315.63,6164.61,0.5,8
64,crps,sse,22093.46,19907.41,0.8,8
65,crps,crps,1071.44,971.68,0.8,8
66,crps,dss,1075.32,1011.61,0.8,8
67,crps,is1,5779.42,5709.79,0.8,8
68,dss,sse,22093.46,19907.41,0.8,8
69,dss,crps,1071.44,971.68,0.8,8
70,dss,dss,1075.32,1011.61,0.8,8
71,dss,is1,5779.42,5709.79,0.8,8
72,is1,sse,22093.46,19907.41,0.8,8
73,is1,crps,1071.44,971.68,0.8,8
74,is1,dss,1075.32,1011.61,0.8,8
75,is1,is1,5779.42,5709.79,0.8,8
76,sse,sse,26218.21,23601.88,0.8,8
77,sse,crps,1159.54,1012.52,0.8,8
78,sse,dss,1180.08,1132.98,0.8,8
79,sse,is1,6315.63,6164.61,0.8,8
0,crps,sse,20360.75,19744.15,0.0,9
1,crps,crps,997.36,934.45,0.0,9
2,crps,dss,1030.42,978.47,0.0,9
3,crps,is1,5347.21,5989.06,0.0,9
4,dss,sse,29051.99,23928.31,0.0,9
5,dss,crps,1143.26,993.65,0.0,9
6,dss,dss,1061.36,975.69,0.0,9
7,dss,is1,5549.81,6064.64,0.0,9
8,is1,sse,31512.74,24546.31,0.0,9
9,is1,crps,1171.02,1027.61,0.0,9
10,is1,dss,1053.71,991.1,0.0,9
11,is1,is1,5612.95,5972.25,0.0,9
12,sse,sse,20483.28,19157.46,0.0,9
13,sse,crps,994.22,929.15,0.0,9
14,sse,dss,1026.1,979.28,0.0,9
15,sse,is1,5373.87,5986.22,0.0,9
16,crps,sse,20365.89,19923.95,0.1,9
17,crps,crps,991.65,942.31,0.1,9
18,crps,dss,1026.62,981.58,0.1,9
19,crps,is1,5338.6,6026.82,0.1,9
20,dss,sse,29030.72,24098.66,0.1,9
21,dss,crps,1139.13,1005.84,0.1,9
22,dss,dss,1038.76,986.07,0.1,9
23,dss,is1,5562.17,6081.18,0.1,9
24,is1,sse,32009.54,25648.4,0.1,9
25,is1,crps,1178.03,1052.78,0.1,9
26,is1,dss,1054.73,1000.63,0.1,9
27,is1,is1,5636.62,6010.18,0.1,9
28,sse,sse,20262.06,21494.63,0.1,9
29,sse,crps,1008.09,1034.98,0.1,9
30,sse,dss,1084.74,1099.83,0.1,9
31,sse,is1,5506.04,6352.01,0.1,9
32,crps,sse,19823.55,21004.26,0.3,9
33,crps,crps,977.56,980.86,0.3,9
34,crps,dss,1071.19,1078.13,0.3,9
35,crps,is1,5347.96,6149.97,0.3,9
36,dss,sse,30875.69,26155.12,0.3,9
37,dss,crps,1154.48,1079.02,0.3,9
38,dss,dss,1050.22,1010.93,0.3,9
39,dss,is1,5531.34,6145.23,0.3,9
40,is1,sse,31556.83,27013.02,0.3,9
41,is1,crps,1189.46,1135.75,0.3,9
42,is1,dss,1078.5,1069.24,0.3,9
43,is1,is1,5661.52,6373.09,0.3,9
44,sse,sse,20262.06,21494.63,0.3,9
45,sse,crps,1008.09,1034.98,0.3,9
46,sse,dss,1084.74,1099.83,0.3,9
47,sse,is1,5506.04,6352.01,0.3,9
48,crps,sse,20262.06,21494.63,0.5,9
49,crps,crps,1008.09,1034.98,0.5,9
50,crps,dss,1084.74,1099.83,0.5,9
51,crps,is1,5506.04,6352.01,0.5,9
52,dss,sse,30875.69,26155.12,0.5,9
53,dss,crps,1154.48,1079.02,0.5,9
54,dss,dss,1050.22,1010.93,0.5,9
55,dss,is1,5531.34,6145.23,0.5,9
56,is1,sse,31556.83,27013.02,0.5,9
57,is1,crps,1189.46,1135.75,0.5,9
58,is1,dss,1078.5,1069.24,0.5,9
59,is1,is1,5661.52,6373.09,0.5,9
60,sse,sse,20262.06,21494.63,0.5,9
61,sse,crps,1008.09,1034.98,0.5,9
62,sse,dss,1084.74,1099.83,0.5,9
63,sse,is1,5506.04,6352.01,0.5,9
64,crps,sse,20262.06,21494.63,0.8,9
65,crps,crps,1008.09,1034.98,0.8,9
66,crps,dss,1084.74,1099.83,0.8,9
67,crps,is1,5506.04,6352.01,0.8,9
68,dss,sse,31556.83,27013.02,0.8,9
69,dss,crps,1189.46,1135.75,0.8,9
70,dss,dss,1078.5,1069.24,0.8,9
71,dss,is1,5661.52,6373.09,0.8,9
72,is1,sse,31556.83,27013.02,0.8,9
73,is1,crps,1189.46,1135.75,0.8,9
74,is1,dss,1078.5,1069.24,0.8,9
75,is1,is1,5661.52,6373.09,0.8,9
76,sse,sse,20262.06,21494.63,0.8,9
77,sse,crps,1008.09,1034.98,0.8,9
78,sse,dss,1084.74,1099.83,0.8,9
79,sse,is1,5506.04,6352.01,0.8,9
0,crps,sse,22993.44,17233.23,0.0,10
1,crps,crps,1127.34,834.06,0.0,10
2,crps,dss,1701.1,935.58,0.0,10
3,crps,is1,6070.05,5396.32,0.0,10
4,dss,sse,23267.09,17287.35,0.0,10
5,dss,crps,1131.95,832.86,0.0,10
6,dss,dss,1584.37,924.86,0.0,10
7,dss,is1,6125.2,5387.85,0.0,10
8,is1,sse,23022.01,17346.2,0.0,10
9,is1,crps,1131.93,837.49,0.0,10
10,is1,dss,1703.63,936.33,0.0,10
11,is1,is1,6143.43,5353.56,0.0,10
12,sse,sse,20374.97,17644.85,0.0,10
13,sse,crps,1047.12,876.64,0.0,10
14,sse,dss,1027.55,978.32,0.0,10
15,sse,is1,5785.86,5627.41,0.0,10
16,crps,sse,23227.16,17369.34,0.1,10
17,crps,crps,1128.22,846.86,0.1,10
18,crps,dss,1608.89,945.57,0.1,10
19,crps,is1,6112.24,5434.64,0.1,10
20,dss,sse,23365.57,17412.15,0.1,10
21,dss,crps,1114.45,851.62,0.1,10
22,dss,dss,1575.39,932.72,0.1,10
23,dss,is1,6093.68,5420.11,0.1,10
24,is1,sse,23216.97,17610.85,0.1,10
25,is1,crps,1114.07,867.48,0.1,10
26,is1,dss,1592.52,956.57,0.1,10
27,is1,is1,6083.49,5445.81,0.1,10
28,sse,sse,22071.01,19329.45,0.1,10
29,sse,crps,1096.99,959.07,0.1,10
30,sse,dss,1151.82,1084.71,0.1,10
31,sse,is1,6183.16,5861.77,0.1,10
32,crps,sse,23216.97,17610.85,0.3,10
33,crps,crps,1114.07,867.48,0.3,10
34,crps,dss,1592.52,956.57,0.3,10
35,crps,is1,6083.49,5445.81,0.3,10
36,dss,sse,23216.97,17610.85,0.3,10
37,dss,crps,1114.07,867.48,0.3,10
38,dss,dss,1592.52,956.57,0.3,10
39,dss,is1,6083.49,5445.81,0.3,10
40,is1,sse,23042.69,18341.62,0.3,10
41,is1,crps,1137.73,912.0,0.3,10
42,is1,dss,1269.71,999.33,0.3,10
43,is1,is1,6188.72,5593.85,0.3,10
44,sse,sse,22164.84,20198.35,0.3,10
45,sse,crps,1094.26,979.87,0.3,10
46,sse,dss,1142.99,1099.66,0.3,10
47,sse,is1,6096.63,6040.16,0.3,10
48,crps,sse,23237.73,18492.16,0.5,10
49,crps,crps,1109.84,940.06,0.5,10
50,crps,dss,1262.37,1018.38,0.5,10
51,crps,is1,6131.16,5782.32,0.5,10
52,dss,sse,23237.73,18492.16,0.5,10
53,dss,crps,1109.84,940.06,0.5,10
54,dss,dss,1262.37,1018.38,0.5,10
55,dss,is1,6131.16,5782.32,0.5,10
56,is1,sse,23237.73,18492.16,0.5,10
57,is1,crps,1109.84,940.06,0.5,10
58,is1,dss,1262.37,1018.38,0.5,10
59,is1,is1,6131.16,5782.32,0.5,10
60,sse,sse,22164.84,20198.35,0.5,10
61,sse,crps,1094.26,979.87,0.5,10
62,sse,dss,1142.99,1099.66,0.5,10
63,sse,is1,6096.63,6040.16,0.5,10
64,crps,sse,23237.73,18492.16,0.8,10
65,crps,crps,1109.84,940.06,0.8,10
66,crps,dss,1262.37,1018.38,0.8,10
67,crps,is1,6131.16,5782.32,0.8,10
68,dss,sse,23237.73,18492.16,0.8,10
69,dss,crps,1109.84,940.06,0.8,10
70,dss,dss,1262.37,1018.38,0.8,10
71,dss,is1,6131.16,5782.32,0.8,10
72,is1,sse,23237.73,18492.16,0.8,10
73,is1,crps,1109.84,940.06,0.8,10
74,is1,dss,1262.37,1018.38,0.8,10
75,is1,is1,6131.16,5782.32,0.8,10
76,sse,sse,22164.84,20198.35,0.8,10
77,sse,crps,1094.26,979.87,0.8,10
78,sse,dss,1142.99,1099.66,0.8,10
79,sse,is1,6096.63,6040.16,0.8,10
0,crps,sse,30710.24,21116.81,0.0,11
1,crps,crps,1140.61,933.39,0.0,11
2,crps,dss,1049.45,985.65,0.0,11
3,crps,is1,6131.69,5688.02,0.0,11
4,dss,sse,19500.83,15878.23,0.0,11
5,dss,crps,1007.44,859.18,0.0,11
6,dss,dss,1074.34,950.74,0.0,11
7,dss,is1,5668.46,5428.07,0.0,11
8,is1,sse,19666.06,16815.37,0.0,11
9,is1,crps,1009.96,882.31,0.0,11
10,is1,dss,1067.57,960.14,0.0,11
11,is1,is1,5700.43,5408.34,0.0,11
12,sse,sse,29941.05,20835.25,0.0,11
13,sse,crps,1147.57,948.55,0.0,11
14,sse,dss,1070.83,995.57,0.0,11
15,sse,is1,6207.13,5831.78,0.0,11
16,crps,sse,29980.95,21530.23,0.1,11
17,crps,crps,1112.23,959.34,0.1,11
18,crps,dss,1029.72,1003.07,0.1,11
19,crps,is1,5987.42,5848.55,0.1,11
20,dss,sse,19457.27,15951.46,0.1,11
21,dss,crps,1002.75,865.38,0.1,11
22,dss,dss,1071.14,954.62,0.1,11
23,dss,is1,5583.95,5456.86,0.1,11
24,is1,sse,18663.53,17267.27,0.1,11
25,is1,crps,958.64,916.38,0.1,11
26,is1,dss,977.53,986.5,0.1,11
27,is1,is1,5348.84,5566.02,0.1,11
28,sse,sse,32028.96,22656.63,0.1,11
29,sse,crps,1201.96,1056.19,0.1,11
30,sse,dss,1184.42,1105.47,0.1,11
31,sse,is1,6094.51,6230.44,0.1,11
32,crps,sse,31705.29,22650.07,0.3,11
33,crps,crps,1179.82,1014.63,0.3,11
34,crps,dss,1173.65,1085.78,0.3,11
35,crps,is1,6287.47,6048.19,0.3,11
36,dss,sse,19202.34,18294.46,0.3,11
37,dss,crps,954.14,941.32,0.3,11
38,dss,dss,978.12,993.11,0.3,11
39,dss,is1,5255.38,5770.41,0.3,11
40,is1,sse,19347.77,18112.17,0.3,11
41,is1,crps,1004.32,963.05,0.3,11
42,is1,dss,1026.76,1034.86,0.3,11
43,is1,is1,5551.74,5729.39,0.3,11
44,sse,sse,32028.96,22656.63,0.3,11
45,sse,crps,1201.96,1056.19,0.3,11
46,sse,dss,1184.42,1105.47,0.3,11
47,sse,is1,6094.51,6230.44,0.3,11
48,crps,sse,32028.96,22656.63,0.5,11
49,crps,crps,1201.96,1056.19,0.5,11
50,crps,dss,1184.42,1105.47,0.5,11
51,crps,is1,6094.51,6230.44,0.5,11
52,dss,sse,19202.34,18294.46,0.5,11
53,dss,crps,954.14,941.32,0.5,11
54,dss,dss,978.12,993.11,0.5,11
55,dss,is1,5255.38,5770.41,0.5,11
56,is1,sse,19886.58,19139.36,0.5,11
57,is1,crps,999.82,987.99,0.5,11
58,is1,dss,1027.35,1041.47,0.5,11
59,is1,is1,5458.28,5933.79,0.5,11
60,sse,sse,32028.96,22656.63,0.5,11
61,sse,crps,1201.96,1056.19,0.5,11
62,sse,dss,1184.42,1105.47,0.5,11
63,sse,is1,6094.51,6230.44,0.5,11
64,crps,sse,32028.96,22656.63,0.8,11
65,crps,crps,1201.96,1056.19,0.8,11
66,crps,dss,1184.42,1105.47,0.8,11
67,crps,is1,6094.51,6230.44,0.8,11
68,dss,sse,19886.58,19139.36,0.8,11
69,dss,crps,999.82,987.99,0.8,11
70,dss,dss,1027.35,1041.47,0.8,11
71,dss,is1,5458.28,5933.79,0.8,11
72,is1,sse,19886.58,19139.36,0.8,11
73,is1,crps,999.82,987.99,0.8,11
74,is1,dss,1027.35,1041.47,0.8,11
75,is1,is1,5458.28,5933.79,0.8,11
76,sse,sse,32028.96,22656.63,0.8,11
77,sse,crps,1201.96,1056.19,0.8,11
78,sse,dss,1184.42,1105.47,0.8,11
79,sse,is1,6094.51,6230.44,0.8,11
0,crps,sse,26544.66,19522.91,0.0,12
1,crps,crps,1110.46,884.87,0.0,12
2,crps,dss,1053.12,955.58,0.0,12
3,crps,is1,6271.05,5276.07,0.0,12
4,dss,sse,27964.89,16924.09,0.0,12
5,dss,crps,1166.19,853.01,0.0,12
6,dss,dss,1098.39,945.03,0.0,12
7,dss,is1,6342.72,5217.8,0.0,12
8,is1,sse,29409.17,17121.39,0.0,12
9,is1,crps,1186.7,849.26,0.0,12
10,is1,dss,1134.87,957.42,0.0,12
11,is1,is1,6475.55,5249.13,0.0,12
12,sse,sse,26544.66,19522.91,0.0,12
13,sse,crps,1110.46,884.87,0.0,12
14,sse,dss,1053.12,955.58,0.0,12
15,sse,is1,6271.05,5276.07,0.0,12
16,crps,sse,26506.19,19544.06,0.1,12
17,crps,crps,1106.79,887.55,0.1,12
18,crps,dss,1049.46,958.37,0.1,12
19,crps,is1,6277.7,5276.82,0.1,12
20,dss,sse,27856.46,17065.96,0.1,12
21,dss,crps,1148.53,867.83,0.1,12
22,dss,dss,1089.06,954.43,0.1,12
23,dss,is1,6236.79,5235.82,0.1,12
24,is1,sse,30177.4,17726.54,0.1,12
25,is1,crps,1175.17,881.85,0.1,12
26,is1,dss,1251.72,1016.57,0.1,12
27,is1,is1,6471.29,5320.32,0.1,12
28,sse,sse,26326.11,19783.66,0.1,12
29,sse,crps,1089.56,905.98,0.1,12
30,sse,dss,1005.84,971.6,0.1,12
31,sse,is1,6228.86,5332.34,0.1,12
32,crps,sse,26326.11,19783.66,0.3,12
33,crps,crps,1089.56,905.98,0.3,12
34,crps,dss,1005.84,971.6,0.3,12
35,crps,is1,6228.86,5332.34,0.3,12
36,dss,sse,27562.62,17346.07,0.3,12
37,dss,crps,1131.87,885.82,0.3,12
38,dss,dss,1036.65,972.67,0.3,12
39,dss,is1,6189.61,5292.41,0.3,12
40,is1,sse,29262.81,18697.34,0.3,12
41,is1,crps,1197.04,959.14,0.3,12
42,is1,dss,1225.57,1064.94,0.3,12
43,is1,is1,6627.82,5597.96,0.3,12
44,sse,sse,26959.59,20707.8,0.3,12
45,sse,crps,1125.9,964.8,0.3,12
46,sse,dss,1051.59,1024.62,0.3,12
47,sse,is1,6410.07,5513.39,0.3,12
48,crps,sse,26419.7,21754.77,0.5,12
49,crps,crps,1113.35,986.81,0.5,12
50,crps,dss,1044.99,1030.81,0.5,12
51,crps,is1,6363.14,5534.91,0.5,12
52,dss,sse,25940.83,22775.28,0.5,12
53,dss,crps,1114.42,1003.36,0.5,12
54,dss,dss,1020.68,1008.99,0.5,12
55,dss,is1,6068.85,5501.4,0.5,12
56,is1,sse,29262.81,18697.34,0.5,12
57,is1,crps,1197.04,959.14,0.5,12
58,is1,dss,1225.57,1064.94,0.5,12
59,is1,is1,6627.82,5597.96,0.5,12
60,sse,sse,26419.7,21754.77,0.5,12
61,sse,crps,1113.35,986.81,0.5,12
62,sse,dss,1044.99,1030.81,0.5,12
63,sse,is1,6363.14,5534.91,0.5,12
64,crps,sse,27030.02,24184.16,0.8,12
65,crps,crps,1145.75,1030.62,0.8,12
66,crps,dss,1059.72,1045.68,0.8,12
67,crps,is1,6226.68,5577.34,0.8,12
68,dss,sse,26531.69,23667.92,0.8,12
69,dss,crps,1147.26,1059.61,0.8,12
70,dss,dss,1061.57,1056.08,0.8,12
71,dss,is1,6228.86,5655.69,0.8,12
72,is1,sse,29262.81,18697.34,0.8,12
73,is1,crps,1197.04,959.14,0.8,12
74,is1,dss,1225.57,1064.94,0.8,12
75,is1,is1,6627.82,5597.96,0.8,12
76,sse,sse,27030.02,24184.16,0.8,12
77,sse,crps,1145.75,1030.62,0.8,12
78,sse,dss,1059.72,1045.68,0.8,12
79,sse,is1,6226.68,5577.34,0.8,12
0,crps,sse,20598.27,14289.9,0.0,13
1,crps,crps,1005.47,824.86,0.0,13
2,crps,dss,1057.7,926.95,0.0,13
3,crps,is1,5426.54,5467.29,0.0,13
4,dss,sse,24774.0,20053.97,0.0,13
5,dss,crps,1026.65,941.24,0.0,13
6,dss,dss,1081.36,979.39,0.0,13
7,dss,is1,5541.59,5871.62,0.0,13
8,is1,sse,24321.98,20516.9,0.0,13
9,is1,crps,1037.39,941.12,0.0,13
10,is1,dss,1100.7,1001.07,0.0,13
11,is1,is1,5582.61,5719.68,0.0,13
12,sse,sse,20756.95,14029.0,0.0,13
13,sse,crps,1009.36,827.38,0.0,13
14,sse,dss,1046.58,932.08,0.0,13
15,sse,is1,5446.66,5443.41,0.0,13
16,crps,sse,20301.74,14605.06,0.1,13
17,crps,crps,977.85,858.0,0.1,13
18,crps,dss,1017.02,947.85,0.1,13
19,crps,is1,5374.61,5610.69,0.1,13
20,dss,sse,24884.81,20104.75,0.1,13
21,dss,crps,1022.45,949.07,0.1,13
22,dss,dss,1078.11,984.56,0.1,13
23,dss,is1,5569.88,5875.77,0.1,13
24,is1,sse,23859.76,20930.75,0.1,13
25,is1,crps,1015.13,978.48,0.1,13
26,is1,dss,1044.93,1059.52,0.1,13
27,is1,is1,5430.41,5908.64,0.1,13
28,sse,sse,21180.69,15159.0,0.1,13
29,sse,crps,1028.37,896.0,0.1,13
30,sse,dss,1059.67,995.32,0.1,13
31,sse,is1,5538.89,5759.06,0.1,13
32,crps,sse,21180.69,15159.0,0.3,13
33,crps,crps,1028.37,896.0,0.3,13
34,crps,dss,1059.67,995.32,0.3,13
35,crps,is1,5538.89,5759.06,0.3,13
36,dss,sse,24876.73,20310.0,0.3,13
37,dss,crps,1013.7,965.32,0.3,13
38,dss,dss,1028.71,1003.01,0.3,13
39,dss,is1,5517.24,5949.43,0.3,13
40,is1,sse,24667.42,21297.13,0.3,13
41,is1,crps,1064.46,1013.41,0.3,13
42,is1,dss,1059.91,1074.53,0.3,13
43,is1,is1,5593.96,6043.46,0.3,13
44,sse,sse,21180.69,15159.0,0.3,13
45,sse,crps,1028.37,896.0,0.3,13
46,sse,dss,1059.67,995.32,0.3,13
47,sse,is1,5538.89,5759.06,0.3,13
48,crps,sse,21180.69,15159.0,0.5,13
49,crps,crps,1028.37,896.0,0.5,13
50,crps,dss,1059.67,995.32,0.5,13
51,crps,is1,5538.89,5759.06,0.5,13
52,dss,sse,40797.01,29080.23,0.5,13
53,dss,crps,1394.89,1183.9,0.5,13
54,dss,dss,1140.76,1076.35,0.5,13
55,dss,is1,6326.17,6290.3,0.5,13
56,is1,sse,24667.42,21297.13,0.5,13
57,is1,crps,1064.46,1013.41,0.5,13
58,is1,dss,1059.91,1074.53,0.5,13
59,is1,is1,5593.96,6043.46,0.5,13
60,sse,sse,21180.69,15159.0,0.5,13
61,sse,crps,1028.37,896.0,0.5,13
62,sse,dss,1059.67,995.32,0.5,13
63,sse,is1,5538.89,5759.06,0.5,13
64,crps,sse,21180.69,15159.0,0.8,13
65,crps,crps,1028.37,896.0,0.8,13
66,crps,dss,1059.67,995.32,0.8,13
67,crps,is1,5538.89,5759.06,0.8,13
68,dss,sse,40797.01,29080.23,0.8,13
69,dss,crps,1394.89,1183.9,0.8,13
70,dss,dss,1140.76,1076.35,0.8,13
71,dss,is1,6326.17,6290.3,0.8,13
72,is1,sse,24667.42,21297.13,0.8,13
73,is1,crps,1064.46,1013.41,0.8,13
74,is1,dss,1059.91,1074.53,0.8,13
75,is1,is1,5593.96,6043.46,0.8,13
76,sse,sse,21180.69,15159.0,0.8,13
77,sse,crps,1028.37,896.0,0.8,13
78,sse,dss,1059.67,995.32,0.8,13
79,sse,is1,5538.89,5759.06,0.8,13
0,crps,sse,21999.58,15213.07,0.0,14
1,crps,crps,1024.26,841.78,0.0,14
2,crps,dss,1016.48,949.07,0.0,14
3,crps,is1,6299.91,4967.91,0.0,14
4,dss,sse,24558.92,22900.12,0.0,14
5,dss,crps,1060.25,966.08,0.0,14
6,dss,dss,1049.76,992.38,0.0,14
7,dss,is1,6583.58,5515.4,0.0,14
8,is1,sse,17117.14,16201.02,0.0,14
9,is1,crps,930.31,871.54,0.0,14
10,is1,dss,1012.03,998.78,0.0,14
11,is1,is1,5717.67,5162.71,0.0,14
12,sse,sse,21313.16,15305.72,0.0,14
13,sse,crps,1009.39,842.7,0.0,14
14,sse,dss,1007.86,948.89,0.0,14
15,sse,is1,6138.07,4968.62,0.0,14
16,crps,sse,20638.26,15812.24,0.1,14
17,crps,crps,985.39,878.61,0.1,14
18,crps,dss,987.33,969.06,0.1,14
19,crps,is1,5966.85,5112.53,0.1,14
20,dss,sse,24339.3,23086.27,0.1,14
21,dss,crps,1044.44,974.79,0.1,14
22,dss,dss,1026.6,997.64,0.1,14
23,dss,is1,6541.62,5523.9,0.1,14
24,is1,sse,17020.49,16406.96,0.1,14
25,is1,crps,919.13,889.17,0.1,14
26,is1,dss,1012.55,1035.74,0.1,14
27,is1,is1,5749.52,5232.12,0.1,14
28,sse,sse,21469.47,16554.53,0.1,14
29,sse,crps,1033.2,926.27,0.1,14
30,sse,dss,1043.27,1013.76,0.1,14
31,sse,is1,6196.71,5270.9,0.1,14
32,crps,sse,21469.47,16554.53,0.3,14
33,crps,crps,1033.2,926.27,0.3,14
34,crps,dss,1043.27,1013.76,0.3,14
35,crps,is1,6196.71,5270.9,0.3,14
36,dss,sse,29752.44,28955.95,0.3,14
37,dss,crps,1142.88,1138.18,0.3,14
38,dss,dss,1029.08,1044.34,0.3,14
39,dss,is1,6406.58,5598.63,0.3,14
40,is1,sse,18322.6,17088.07,0.3,14
41,is1,crps,975.98,940.21,0.3,14
42,is1,dss,1034.02,1057.81,0.3,14
43,is1,is1,6135.96,5422.84,0.3,14
44,sse,sse,21469.47,16554.53,0.3,14
45,sse,crps,1033.2,926.27,0.3,14
46,sse,dss,1043.27,1013.76,0.3,14
47,sse,is1,6196.71,5270.9,0.3,14
48,crps,sse,21469.47,16554.53,0.5,14
49,crps,crps,1033.2,926.27,0.5,14
50,crps,dss,1043.27,1013.76,0.5,14
51,crps,is1,6196.71,5270.9,0.5,14
52,dss,sse,29752.44,28955.95,0.5,14
53,dss,crps,1142.88,1138.18,0.5,14
54,dss,dss,1029.08,1044.34,0.5,14
55,dss,is1,6406.58,5598.63,0.5,14
56,is1,sse,18322.6,17088.07,0.5,14
57,is1,crps,975.98,940.21,0.5,14
58,is1,dss,1034.02,1057.81,0.5,14
59,is1,is1,6135.96,5422.84,0.5,14
60,sse,sse,21469.47,16554.53,0.5,14
61,sse,crps,1033.2,926.27,0.5,14
62,sse,dss,1043.27,1013.76,0.5,14
63,sse,is1,6196.71,5270.9,0.5,14
64,crps,sse,21469.47,16554.53,0.8,14
65,crps,crps,1033.2,926.27,0.8,14
66,crps,dss,1043.27,1013.76,0.8,14
67,crps,is1,6196.71,5270.9,0.8,14
68,dss,sse,30513.31,29612.8,0.8,14
69,dss,crps,1186.28,1178.96,0.8,14
70,dss,dss,1076.59,1079.87,0.8,14
71,dss,is1,6600.87,5730.32,0.8,14
72,is1,sse,18322.6,17088.07,0.8,14
73,is1,crps,975.98,940.21,0.8,14
74,is1,dss,1034.02,1057.81,0.8,14
75,is1,is1,6135.96,5422.84,0.8,14
76,sse,sse,21469.47,16554.53,0.8,14
77,sse,crps,1033.2,926.27,0.8,14
78,sse,dss,1043.27,1013.76,0.8,14
79,sse,is1,6196.71,5270.9,0.8,14
0,crps,sse,27678.8,15471.08,0.0,15
1,crps,crps,1108.08,842.78,0.0,15
2,crps,dss,1260.05,945.36,0.0,15
3,crps,is1,6099.76,5220.61,0.0,15
4,dss,sse,26203.55,17001.73,0.0,15
5,dss,crps,1119.14,889.14,0.0,15
6,dss,dss,1052.34,966.26,0.0,15
7,dss,is1,6106.39,5358.26,0.0,15
8,is1,sse,26226.61,17290.42,0.0,15
9,is1,crps,1132.31,898.82,0.0,15
10,is1,dss,1091.34,964.71,0.0,15
11,is1,is1,6195.66,5276.68,0.0,15
12,sse,sse,27893.75,15308.54,0.0,15
13,sse,crps,1105.58,841.17,0.0,15
14,sse,dss,1254.41,946.01,0.0,15
15,sse,is1,6157.6,5200.6,0.0,15
16,crps,sse,27738.15,15533.46,0.1,15
17,crps,crps,1096.65,853.74,0.1,15
18,crps,dss,1181.05,952.97,0.1,15
19,crps,is1,6067.24,5241.12,0.1,15
20,dss,sse,26065.72,17115.16,0.1,15
21,dss,crps,1109.05,899.43,0.1,15
22,dss,dss,1042.52,973.44,0.1,15
23,dss,is1,6008.32,5401.46,0.1,15
24,is1,sse,28809.24,19389.86,0.1,15
25,is1,crps,1168.91,962.91,0.1,15
26,is1,dss,1040.51,1000.8,0.1,15
27,is1,is1,6054.92,5403.23,0.1,15
28,sse,sse,27738.15,15533.46,0.1,15
29,sse,crps,1096.65,853.74,0.1,15
30,sse,dss,1181.05,952.97,0.1,15
31,sse,is1,6067.24,5241.12,0.1,15
32,crps,sse,27738.15,15533.46,0.3,15
33,crps,crps,1096.65,853.74,0.3,15
34,crps,dss,1181.05,952.97,0.3,15
35,crps,is1,6067.24,5241.12,0.3,15
36,dss,sse,25968.63,17207.93,0.3,15
37,dss,crps,1096.97,915.89,0.3,15
38,dss,dss,1034.25,989.22,0.3,15
39,dss,is1,6027.76,5512.28,0.3,15
40,is1,sse,29945.64,21115.64,0.3,15
41,is1,crps,1199.61,1035.11,0.3,15
42,is1,dss,1082.01,1051.16,0.3,15
43,is1,is1,6149.85,5736.66,0.3,15
44,sse,sse,27702.09,17274.28,0.3,15
45,sse,crps,1101.55,937.49,0.3,15
46,sse,dss,1094.05,1016.54,0.3,15
47,sse,is1,6128.96,5618.77,0.3,15
48,crps,sse,28100.19,16492.09,0.5,15
49,crps,crps,1130.75,912.23,0.5,15
50,crps,dss,1101.13,1007.96,0.5,15
51,crps,is1,6189.27,5485.25,0.5,15
52,dss,sse,29384.32,20226.9,0.5,15
53,dss,crps,1165.02,982.2,0.5,15
54,dss,dss,1041.64,1004.66,0.5,15
55,dss,is1,6041.11,5526.19,0.5,15
56,is1,sse,29945.64,21115.64,0.5,15
57,is1,crps,1199.61,1035.11,0.5,15
58,is1,dss,1082.01,1051.16,0.5,15
59,is1,is1,6149.85,5736.66,0.5,15
60,sse,sse,27702.09,17274.28,0.5,15
61,sse,crps,1101.55,937.49,0.5,15
62,sse,dss,1094.05,1016.54,0.5,15
63,sse,is1,6128.96,5618.77,0.5,15
64,crps,sse,26920.6,19514.34,0.8,15
65,crps,crps,1101.48,986.34,0.8,15
66,crps,dss,1099.71,1036.88,0.8,15
67,crps,is1,6065.39,5646.71,0.8,15
68,dss,sse,29945.64,21115.64,0.8,15
69,dss,crps,1199.61,1035.11,0.8,15
70,dss,dss,1082.01,1051.16,0.8,15
71,dss,is1,6149.85,5736.66,0.8,15
72,is1,sse,29945.64,21115.64,0.8,15
73,is1,crps,1199.61,1035.11,0.8,15
74,is1,dss,1082.01,1051.16,0.8,15
75,is1,is1,6149.85,5736.66,0.8,15
76,sse,sse,26920.6,19514.34,0.8,15
77,sse,crps,1101.48,986.34,0.8,15
78,sse,dss,1099.71,1036.88,0.8,15
79,sse,is1,6065.39,5646.71,0.8,15
0,crps,sse,23657.77,14720.22,0.0,16
1,crps,crps,1102.28,836.0,0.0,16
2,crps,dss,1066.01,943.24,0.0,16
3,crps,is1,5945.08,5194.03,0.0,16
4,dss,sse,22862.37,12954.34,0.0,16
5,dss,crps,1065.6,774.69,0.0,16
6,dss,dss,1049.12,907.45,0.0,16
7,dss,is1,5916.94,5013.51,0.0,16
8,is1,sse,22115.13,13409.65,0.0,16
9,is1,crps,1043.71,790.34,0.0,16
10,is1,dss,1047.62,917.28,0.0,16
11,is1,is1,5924.29,5000.41,0.0,16
12,sse,sse,23477.7,14702.73,0.0,16
13,sse,crps,1087.37,840.17,0.0,16
14,sse,dss,1055.12,945.75,0.0,16
15,sse,is1,5892.37,5190.59,0.0,16
16,crps,sse,23385.74,14814.86,0.1,16
17,crps,crps,1087.36,843.21,0.1,16
18,crps,dss,1056.06,947.67,0.1,16
19,crps,is1,5879.15,5223.28,0.1,16
20,dss,sse,22153.46,13354.2,0.1,16
21,dss,crps,1039.96,796.77,0.1,16
22,dss,dss,1026.87,923.21,0.1,16
23,dss,is1,5769.54,5091.78,0.1,16
24,is1,sse,21762.59,13517.4,0.1,16
25,is1,crps,1027.9,802.73,0.1,16
26,is1,dss,1014.69,925.81,0.1,16
27,is1,is1,5838.07,5044.19,0.1,16
28,sse,sse,23752.53,15644.92,0.1,16
29,sse,crps,1104.2,902.2,0.1,16
30,sse,dss,1068.99,1005.87,0.1,16
31,sse,is1,6007.79,5410.75,0.1,16
32,crps,sse,23944.61,16776.44,0.3,16
33,crps,crps,1098.09,923.52,0.3,16
34,crps,dss,1065.74,1012.22,0.3,16
35,crps,is1,6129.5,5457.65,0.3,16
36,dss,sse,21747.39,13654.37,0.3,16
37,dss,crps,1030.09,815.8,0.3,16
38,dss,dss,1022.4,935.84,0.3,16
39,dss,is1,5925.29,5163.05,0.3,16
40,is1,sse,22550.87,14375.02,0.3,16
41,is1,crps,1077.34,862.36,0.3,16
42,is1,dss,1065.67,990.06,0.3,16
43,is1,is1,6116.13,5333.02,0.3,16
44,sse,sse,23944.61,16776.44,0.3,16
45,sse,crps,1098.09,923.52,0.3,16
46,sse,dss,1065.74,1012.22,0.3,16
47,sse,is1,6129.5,5457.65,0.3,16
48,crps,sse,23944.61,16776.44,0.5,16
49,crps,crps,1098.09,923.52,0.5,16
50,crps,dss,1065.74,1012.22,0.5,16
51,crps,is1,6129.5,5457.65,0.5,16
52,dss,sse,21747.39,13654.37,0.5,16
53,dss,crps,1030.09,815.8,0.5,16
54,dss,dss,1022.4,935.84,0.5,16
55,dss,is1,5925.29,5163.05,0.5,16
56,is1,sse,22550.87,14375.02,0.5,16
57,is1,crps,1077.34,862.36,0.5,16
58,is1,dss,1065.67,990.06,0.5,16
59,is1,is1,6116.13,5333.02,0.5,16
60,sse,sse,23944.61,16776.44,0.5,16
61,sse,crps,1098.09,923.52,0.5,16
62,sse,dss,1065.74,1012.22,0.5,16
63,sse,is1,6129.5,5457.65,0.5,16
64,crps,sse,23944.61,16776.44,0.8,16
65,crps,crps,1098.09,923.52,0.8,16
66,crps,dss,1065.74,1012.22,0.8,16
67,crps,is1,6129.5,5457.65,0.8,16
68,dss,sse,22550.87,14375.02,0.8,16
69,dss,crps,1077.34,862.36,0.8,16
70,dss,dss,1065.67,990.06,0.8,16
71,dss,is1,6116.13,5333.02,0.8,16
72,is1,sse,22550.87,14375.02,0.8,16
73,is1,crps,1077.34,862.36,0.8,16
74,is1,dss,1065.67,990.06,0.8,16
75,is1,is1,6116.13,5333.02,0.8,16
76,sse,sse,23944.61,16776.44,0.8,16
77,sse,crps,1098.09,923.52,0.8,16
78,sse,dss,1065.74,1012.22,0.8,16
79,sse,is1,6129.5,5457.65,0.8,16
0,crps,sse,29590.16,19104.12,0.0,17
1,crps,crps,1129.57,912.28,0.0,17
2,crps,dss,1114.19,951.31,0.0,17
3,crps,is1,6160.86,5557.24,0.0,17
4,dss,sse,31230.79,19552.52,0.0,17
5,dss,crps,1153.01,916.33,0.0,17
6,dss,dss,1137.42,949.16,0.0,17
7,dss,is1,6271.32,5549.81,0.0,17
8,is1,sse,31429.44,21290.05,0.0,17
9,is1,crps,1176.25,966.19,0.0,17
10,is1,dss,1155.92,967.93,0.0,17
11,is1,is1,6244.62,5512.62,0.0,17
12,sse,sse,23169.29,16344.89,0.0,17
13,sse,crps,1084.86,845.21,0.0,17
14,sse,dss,1578.13,921.46,0.0,17
15,sse,is1,5961.44,5255.69,0.0,17
16,crps,sse,29621.2,19267.23,0.1,17
17,crps,crps,1121.32,927.07,0.1,17
18,crps,dss,1093.61,965.05,0.1,17
19,crps,is1,6155.43,5610.38,0.1,17
20,dss,sse,31124.17,20184.06,0.1,17
21,dss,crps,1138.13,942.31,0.1,17
22,dss,dss,1151.0,964.94,0.1,17
23,dss,is1,6209.85,5609.31,0.1,17
24,is1,sse,31815.26,22834.79,0.1,17
25,is1,crps,1153.1,1011.35,0.1,17
26,is1,dss,1146.58,990.41,0.1,17
27,is1,is1,6188.23,5637.24,0.1,17
28,sse,sse,21766.95,17786.57,0.1,17
29,sse,crps,1061.82,923.77,0.1,17
30,sse,dss,1199.89,996.61,0.1,17
31,sse,is1,5959.47,5573.68,0.1,17
32,crps,sse,31294.38,19910.05,0.3,17
33,crps,crps,1130.08,945.55,0.3,17
34,crps,dss,1136.6,972.99,0.3,17
35,crps,is1,6193.95,5654.16,0.3,17
36,dss,sse,31445.13,24560.84,0.3,17
37,dss,crps,1134.78,1041.97,0.3,17
38,dss,dss,1146.62,996.44,0.3,17
39,dss,is1,6176.32,5781.98,0.3,17
40,is1,sse,32111.96,25298.8,0.3,17
41,is1,crps,1167.43,1091.97,0.3,17
42,is1,dss,1167.41,1049.52,0.3,17
43,is1,is1,6309.7,6001.31,0.3,17
44,sse,sse,19996.42,18812.84,0.3,17
45,sse,crps,1027.18,953.1,0.3,17
46,sse,dss,1196.72,1007.56,0.3,17
47,sse,is1,5923.35,5709.81,0.3,17
48,crps,sse,31593.59,21425.87,0.5,17
49,crps,crps,1147.89,1015.99,0.5,17
50,crps,dss,1158.59,1033.05,0.5,17
51,crps,is1,6401.51,5943.49,0.5,17
52,dss,sse,31445.13,24560.84,0.5,17
53,dss,crps,1134.78,1041.97,0.5,17
54,dss,dss,1146.62,996.44,0.5,17
55,dss,is1,6176.32,5781.98,0.5,17
56,is1,sse,32111.96,25298.8,0.5,17
57,is1,crps,1167.43,1091.97,0.5,17
58,is1,dss,1167.41,1049.52,0.5,17
59,is1,is1,6309.7,6001.31,0.5,17
60,sse,sse,19996.42,18812.84,0.5,17
61,sse,crps,1027.18,953.1,0.5,17
62,sse,dss,1196.72,1007.56,0.5,17
63,sse,is1,5923.35,5709.81,0.5,17
64,crps,sse,31593.59,21425.87,0.8,17
65,crps,crps,1147.89,1015.99,0.8,17
66,crps,dss,1158.59,1033.05,0.8,17
67,crps,is1,6401.51,5943.49,0.8,17
68,dss,sse,32111.96,25298.8,0.8,17
69,dss,crps,1167.43,1091.97,0.8,17
70,dss,dss,1167.41,1049.52,0.8,17
71,dss,is1,6309.7,6001.31,0.8,17
72,is1,sse,32111.96,25298.8,0.8,17
73,is1,crps,1167.43,1091.97,0.8,17
74,is1,dss,1167.41,1049.52,0.8,17
75,is1,is1,6309.7,6001.31,0.8,17
76,sse,sse,19996.42,18812.84,0.8,17
77,sse,crps,1027.18,953.1,0.8,17
78,sse,dss,1196.72,1007.56,0.8,17
79,sse,is1,5923.35,5709.81,0.8,17
0,crps,sse,29518.91,24816.28,0.0,18
1,crps,crps,1110.82,977.5,0.0,18
2,crps,dss,1056.96,997.71,0.0,18
3,crps,is1,6527.1,5876.21,0.0,18
4,dss,sse,24462.5,17242.24,0.0,18
5,dss,crps,1069.16,898.5,0.0,18
6,dss,dss,1033.6,974.82,0.0,18
7,dss,is1,5901.53,5556.72,0.0,18
8,is1,sse,25951.2,16688.17,0.0,18
9,is1,crps,1104.77,885.3,0.0,18
10,is1,dss,1067.94,979.78,0.0,18
11,is1,is1,6194.67,5525.84,0.0,18
12,sse,sse,29830.99,24790.65,0.0,18
13,sse,crps,1121.65,979.47,0.0,18
14,sse,dss,1059.57,997.37,0.0,18
15,sse,is1,6602.56,5849.77,0.0,18
16,crps,sse,30848.23,25125.31,0.1,18
17,crps,crps,1134.65,988.19,0.1,18
18,crps,dss,1198.63,1052.25,0.1,18
19,crps,is1,6519.85,5912.15,0.1,18
20,dss,sse,23930.17,17606.08,0.1,18
21,dss,crps,1040.09,922.34,0.1,18
22,dss,dss,1022.97,985.5,0.1,18
23,dss,is1,5792.75,5643.35,0.1,18
24,is1,sse,26245.65,17492.91,0.1,18
25,is1,crps,1088.03,925.36,0.1,18
26,is1,dss,1163.34,1046.55,0.1,18
27,is1,is1,6145.86,5664.65,0.1,18
28,sse,sse,30777.76,25971.87,0.1,18
29,sse,crps,1160.77,1048.46,0.1,18
30,sse,dss,1218.07,1074.94,0.1,18
31,sse,is1,6572.03,6115.87,0.1,18
32,crps,sse,31080.02,25435.28,0.3,18
33,crps,crps,1135.17,1005.83,0.3,18
34,crps,dss,1197.54,1055.64,0.3,18
35,crps,is1,6508.3,5955.43,0.3,18
36,dss,sse,23814.55,18076.95,0.3,18
37,dss,crps,1036.04,946.01,0.3,18
38,dss,dss,1022.77,1002.59,0.3,18
39,dss,is1,5823.91,5783.94,0.3,18
40,is1,sse,25839.4,18408.35,0.3,18
41,is1,crps,1105.62,980.23,0.3,18
42,is1,dss,1193.72,1072.22,0.3,18
43,is1,is1,6138.09,5922.38,0.3,18
44,sse,sse,30777.76,25971.87,0.3,18
45,sse,crps,1160.77,1048.46,0.3,18
46,sse,dss,1218.07,1074.94,0.3,18
47,sse,is1,6572.03,6115.87,0.3,18
48,crps,sse,30777.76,25971.87,0.5,18
49,crps,crps,1160.77,1048.46,0.5,18
50,crps,dss,1218.07,1074.94,0.5,18
51,crps,is1,6572.03,6115.87,0.5,18
52,dss,sse,23814.55,18076.95,0.5,18
53,dss,crps,1036.04,946.01,0.5,18
54,dss,dss,1022.77,1002.59,0.5,18
55,dss,is1,5823.91,5783.94,0.5,18
56,is1,sse,25839.4,18408.35,0.5,18
57,is1,crps,1105.62,980.23,0.5,18
58,is1,dss,1193.72,1072.22,0.5,18
59,is1,is1,6138.09,5922.38,0.5,18
60,sse,sse,30777.76,25971.87,0.5,18
61,sse,crps,1160.77,1048.46,0.5,18
62,sse,dss,1218.07,1074.94,0.5,18
63,sse,is1,6572.03,6115.87,0.5,18
64,crps,sse,30777.76,25971.87,0.8,18
65,crps,crps,1160.77,1048.46,0.8,18
66,crps,dss,1218.07,1074.94,0.8,18
67,crps,is1,6572.03,6115.87,0.8,18
68,dss,sse,26436.41,24850.65,0.8,18
69,dss,crps,1118.42,1112.94,0.8,18
70,dss,dss,1060.06,1068.76,0.8,18
71,dss,is1,5799.12,6063.62,0.8,18
72,is1,sse,25839.4,18408.35,0.8,18
73,is1,crps,1105.62,980.23,0.8,18
74,is1,dss,1193.72,1072.22,0.8,18
75,is1,is1,6138.09,5922.38,0.8,18
76,sse,sse,38661.98,28593.92,0.8,18
77,sse,crps,1308.37,1135.43,0.8,18
78,sse,dss,1246.11,1106.88,0.8,18
79,sse,is1,6459.6,6162.13,0.8,18
0,crps,sse,25526.47,21234.04,0.0,19
1,crps,crps,1069.49,940.07,0.0,19
2,crps,dss,1071.15,975.28,0.0,19
3,crps,is1,6165.64,5572.51,0.0,19
4,dss,sse,19913.73,18462.91,0.0,19
5,dss,crps,1007.87,901.01,0.0,19
6,dss,dss,1069.82,946.2,0.0,19
7,dss,is1,6008.04,5271.14,0.0,19
8,is1,sse,18838.51,19604.5,0.0,19
9,is1,crps,988.73,923.64,0.0,19
10,is1,dss,1056.24,959.02,0.0,19
11,is1,is1,5932.62,5233.6,0.0,19
12,sse,sse,24695.37,23655.21,0.0,19
13,sse,crps,1061.45,969.56,0.0,19
14,sse,dss,1038.55,982.75,0.0,19
15,sse,is1,6184.51,5687.83,0.0,19
16,crps,sse,25498.66,21249.03,0.1,19
17,crps,crps,1064.01,942.82,0.1,19
18,crps,dss,1034.78,980.25,0.1,19
19,crps,is1,6161.34,5583.69,0.1,19
20,dss,sse,19860.88,18487.46,0.1,19
21,dss,crps,1003.21,904.32,0.1,19
22,dss,dss,1068.79,947.45,0.1,19
23,dss,is1,6025.41,5272.32,0.1,19
24,is1,sse,18574.37,19915.5,0.1,19
25,is1,crps,959.39,945.83,0.1,19
26,is1,dss,989.44,978.79,0.1,19
27,is1,is1,5734.85,5321.79,0.1,19
28,sse,sse,24564.88,24241.25,0.1,19
29,sse,crps,1027.94,1004.89,0.1,19
30,sse,dss,1019.17,999.85,0.1,19
31,sse,is1,6107.3,5726.07,0.1,19
32,crps,sse,26405.79,22842.86,0.3,19
33,crps,crps,1043.8,984.71,0.3,19
34,crps,dss,1056.88,1014.51,0.3,19
35,crps,is1,6197.82,5680.61,0.3,19
36,dss,sse,17275.09,20775.39,0.3,19
37,dss,crps,933.0,971.35,0.3,19
38,dss,dss,976.54,992.05,0.3,19
39,dss,is1,5678.58,5517.02,0.3,19
40,is1,sse,19425.57,20695.01,0.3,19
41,is1,crps,1002.56,997.05,0.3,19
42,is1,dss,1021.84,1038.59,0.3,19
43,is1,is1,5970.11,5554.47,0.3,19
44,sse,sse,25175.72,25009.79,0.3,19
45,sse,crps,1065.0,1051.74,0.3,19
46,sse,dss,1034.38,1057.48,0.3,19
47,sse,is1,6226.89,5934.54,0.3,19
48,crps,sse,27016.62,23611.4,0.5,19
49,crps,crps,1080.87,1031.56,0.5,19
50,crps,dss,1072.09,1072.14,0.5,19
51,crps,is1,6317.41,5889.08,0.5,19
52,dss,sse,17275.09,20775.39,0.5,19
53,dss,crps,933.0,971.35,0.5,19
54,dss,dss,976.54,992.05,0.5,19
55,dss,is1,5678.58,5517.02,0.5,19
56,is1,sse,18050.36,21545.89,0.5,19
57,is1,crps,980.72,1018.46,0.5,19
58,is1,dss,1014.74,1049.8,0.5,19
59,is1,is1,5887.28,5719.91,0.5,19
60,sse,sse,25175.72,25009.79,0.5,19
61,sse,crps,1065.0,1051.74,0.5,19
62,sse,dss,1034.38,1057.48,0.5,19
63,sse,is1,6226.89,5934.54,0.5,19
64,crps,sse,25456.37,26110.52,0.8,19
65,crps,crps,1055.86,1076.21,0.8,19
66,crps,dss,1065.54,1083.62,0.8,19
67,crps,is1,6194.12,5938.93,0.8,19
68,dss,sse,18050.36,21545.89,0.8,19
69,dss,crps,980.72,1018.46,0.8,19
70,dss,dss,1014.74,1049.8,0.8,19
71,dss,is1,5887.28,5719.91,0.8,19
72,is1,sse,18050.36,21545.89,0.8,19
73,is1,crps,980.72,1018.46,0.8,19
74,is1,dss,1014.74,1049.8,0.8,19
75,is1,is1,5887.28,5719.91,0.8,19
76,sse,sse,29878.8,30381.96,0.8,19
77,sse,crps,1165.9,1176.95,0.8,19
78,sse,dss,1056.32,1083.77,0.8,19
79,sse,is1,6133.8,5982.3,0.8,19
0,crps,sse,16554.74,17118.92,0.0,20
1,crps,crps,930.12,863.15,0.0,20
2,crps,dss,993.91,936.31,0.0,20
3,crps,is1,5289.84,5442.41,0.0,20
4,dss,sse,29908.64,19753.55,0.0,20
5,dss,crps,1123.02,922.13,0.0,20
6,dss,dss,1084.49,957.43,0.0,20
7,dss,is1,6104.97,5637.15,0.0,20
8,is1,sse,29592.14,19421.35,0.0,20
9,is1,crps,1129.86,917.73,0.0,20
10,is1,dss,1084.35,959.41,0.0,20
11,is1,is1,6087.46,5600.5,0.0,20
12,sse,sse,16529.26,17111.99,0.0,20
13,sse,crps,919.5,880.5,0.0,20
14,sse,dss,985.4,949.23,0.0,20
15,sse,is1,5353.65,5445.98,0.0,20
16,crps,sse,16398.59,17280.78,0.1,20
17,crps,crps,925.62,872.99,0.1,20
18,crps,dss,981.97,946.55,0.1,20
19,crps,is1,5305.61,5455.66,0.1,20
20,dss,sse,29771.4,19927.66,0.1,20
21,dss,crps,1110.02,936.07,0.1,20
22,dss,dss,1063.33,970.89,0.1,20
23,dss,is1,6053.92,5664.46,0.1,20
24,is1,sse,30804.82,22431.75,0.1,20
25,is1,crps,1114.98,1010.88,0.1,20
26,is1,dss,1121.22,996.0,0.1,20
27,is1,is1,6037.2,5677.18,0.1,20
28,sse,sse,16411.09,17505.66,0.1,20
29,sse,crps,917.88,898.98,0.1,20
30,sse,dss,983.54,960.22,0.1,20
31,sse,is1,5373.91,5539.1,0.1,20
32,crps,sse,16411.09,17505.66,0.3,20
33,crps,crps,917.88,898.98,0.3,20
34,crps,dss,983.54,960.22,0.3,20
35,crps,is1,5373.91,5539.1,0.3,20
36,dss,sse,30417.41,20446.34,0.3,20
37,dss,crps,1097.12,963.29,0.3,20
38,dss,dss,1112.85,986.77,0.3,20
39,dss,is1,6077.23,5785.25,0.3,20
40,is1,sse,31338.56,23352.34,0.3,20
41,is1,crps,1139.56,1073.18,0.3,20
42,is1,dss,1151.98,1053.42,0.3,20
43,is1,is1,6173.1,5870.22,0.3,20
44,sse,sse,17017.54,18405.04,0.3,20
45,sse,crps,947.59,959.61,0.3,20
46,sse,dss,1023.04,1017.18,0.3,20
47,sse,is1,5532.32,5738.93,0.3,20
48,crps,sse,17017.54,18405.04,0.5,20
49,crps,crps,947.59,959.61,0.5,20
50,crps,dss,1023.04,1017.18,0.5,20
51,crps,is1,5532.32,5738.93,0.5,20
52,dss,sse,30387.42,24193.66,0.5,20
53,dss,crps,1103.36,1039.76,0.5,20
54,dss,dss,1120.73,1002.44,0.5,20
55,dss,is1,6063.0,5839.7,0.5,20
56,is1,sse,30921.16,25114.25,0.5,20
57,is1,crps,1127.94,1102.05,0.5,20
58,is1,dss,1151.49,1059.86,0.5,20
59,is1,is1,6198.89,6032.74,0.5,20
60,sse,sse,17017.54,18405.04,0.5,20
61,sse,crps,947.59,959.61,0.5,20
62,sse,dss,1023.04,1017.18,0.5,20
63,sse,is1,5532.32,5738.93,0.5,20
64,crps,sse,17017.54,18405.04,0.8,20
65,crps,crps,947.59,959.61,0.8,20
66,crps,dss,1023.04,1017.18,0.8,20
67,crps,is1,5532.32,5738.93,0.8,20
68,dss,sse,30921.16,25114.25,0.8,20
69,dss,crps,1127.94,1102.05,0.8,20
70,dss,dss,1151.49,1059.86,0.8,20
71,dss,is1,6198.89,6032.74,0.8,20
72,is1,sse,30921.16,25114.25,0.8,20
73,is1,crps,1127.94,1102.05,0.8,20
74,is1,dss,1151.49,1059.86,0.8,20
75,is1,is1,6198.89,6032.74,0.8,20
76,sse,sse,17017.54,18405.04,0.8,20
77,sse,crps,947.59,959.61,0.8,20
78,sse,dss,1023.04,1017.18,0.8,20
79,sse,is1,5532.32,5738.93,0.8,20
0,crps,sse,21411.2,16847.01,0.0,21
1,crps,crps,1050.26,863.86,0.0,21
2,crps,dss,1045.03,942.21,0.0,21
3,crps,is1,5980.29,5056.37,0.0,21
4,dss,sse,20894.25,16644.95,0.0,21
5,dss,crps,1026.44,865.22,0.0,21
6,dss,dss,1035.96,939.2,0.0,21
7,dss,is1,5918.75,5087.75,0.0,21
8,is1,sse,21412.26,16846.07,0.0,21
9,is1,crps,1049.75,864.39,0.0,21
10,is1,dss,1045.16,942.09,0.0,21
11,is1,is1,5978.18,5052.29,0.0,21
12,sse,sse,27140.08,22100.88,0.0,21
13,sse,crps,1111.04,952.28,0.0,21
14,sse,dss,1059.75,965.99,0.0,21
15,sse,is1,6166.57,5470.01,0.0,21
16,crps,sse,21731.22,16902.04,0.1,21
17,crps,crps,1053.97,873.46,0.1,21
18,crps,dss,1047.19,948.44,0.1,21
19,crps,is1,5976.11,5093.85,0.1,21
20,dss,sse,21394.8,17136.52,0.1,21
21,dss,crps,1033.26,892.51,0.1,21
22,dss,dss,1041.41,956.13,0.1,21
23,dss,is1,5918.21,5185.87,0.1,21
24,is1,sse,21731.22,16902.04,0.1,21
25,is1,crps,1053.97,873.46,0.1,21
26,is1,dss,1047.19,948.44,0.1,21
27,is1,is1,5976.11,5093.85,0.1,21
28,sse,sse,27511.26,22182.61,0.1,21
29,sse,crps,1124.93,960.62,0.1,21
30,sse,dss,1061.58,972.94,0.1,21
31,sse,is1,6242.51,5490.96,0.1,21
32,crps,sse,21394.8,17136.52,0.3,21
33,crps,crps,1033.26,892.51,0.3,21
34,crps,dss,1041.41,956.13,0.3,21
35,crps,is1,5918.21,5185.87,0.3,21
36,dss,sse,19362.62,18016.72,0.3,21
37,dss,crps,972.7,917.97,0.3,21
38,dss,dss,1016.11,965.68,0.3,21
39,dss,is1,5774.01,5290.69,0.3,21
40,is1,sse,20122.87,18759.54,0.3,21
41,is1,crps,1009.82,966.96,0.3,21
42,is1,dss,1051.16,1016.24,0.3,21
43,is1,is1,5987.54,5437.35,0.3,21
44,sse,sse,26697.94,24450.2,0.3,21
45,sse,crps,1100.33,1046.81,0.3,21
46,sse,dss,1065.81,1036.23,0.3,21
47,sse,is1,6215.98,5755.05,0.3,21
48,crps,sse,20122.87,18759.54,0.5,21
49,crps,crps,1009.82,966.96,0.5,21
50,crps,dss,1051.16,1016.24,0.5,21
51,crps,is1,5987.54,5437.35,0.5,21
52,dss,sse,19362.62,18016.72,0.5,21
53,dss,crps,972.7,917.97,0.5,21
54,dss,dss,1016.11,965.68,0.5,21
55,dss,is1,5774.01,5290.69,0.5,21
56,is1,sse,20122.87,18759.54,0.5,21
57,is1,crps,1009.82,966.96,0.5,21
58,is1,dss,1051.16,1016.24,0.5,21
59,is1,is1,5987.54,5437.35,0.5,21
60,sse,sse,26697.94,24450.2,0.5,21
61,sse,crps,1100.33,1046.81,0.5,21
62,sse,dss,1065.81,1036.23,0.5,21
63,sse,is1,6215.98,5755.05,0.5,21
64,crps,sse,20122.87,18759.54,0.8,21
65,crps,crps,1009.82,966.96,0.8,21
66,crps,dss,1051.16,1016.24,0.8,21
67,crps,is1,5987.54,5437.35,0.8,21
68,dss,sse,20122.87,18759.54,0.8,21
69,dss,crps,1009.82,966.96,0.8,21
70,dss,dss,1051.16,1016.24,0.8,21
71,dss,is1,5987.54,5437.35,0.8,21
72,is1,sse,20122.87,18759.54,0.8,21
73,is1,crps,1009.82,966.96,0.8,21
74,is1,dss,1051.16,1016.24,0.8,21
75,is1,is1,5987.54,5437.35,0.8,21
76,sse,sse,30910.85,27094.24,0.8,21
77,sse,crps,1174.77,1124.11,0.8,21
78,sse,dss,1086.08,1053.26,0.8,21
79,sse,is1,6210.29,5757.9,0.8,21
0,crps,sse,29756.42,19570.84,0.0,22
1,crps,crps,1178.51,903.12,0.0,22
2,crps,dss,1049.88,961.95,0.0,22
3,crps,is1,6388.88,5255.3,0.0,22
4,dss,sse,26837.2,16861.73,0.0,22
5,dss,crps,1165.79,864.66,0.0,22
6,dss,dss,1085.48,959.41,0.0,22
7,dss,is1,6695.27,5222.05,0.0,22
8,is1,sse,23452.99,16449.82,0.0,22
9,is1,crps,1093.33,837.98,0.0,22
10,is1,dss,1061.52,967.65,0.0,22
11,is1,is1,6224.17,5040.24,0.0,22
12,sse,sse,29567.29,19494.47,0.0,22
13,sse,crps,1161.91,900.55,0.0,22
14,sse,dss,1035.72,959.09,0.0,22
15,sse,is1,6333.8,5225.18,0.0,22
16,crps,sse,29296.09,19989.36,0.1,22
17,crps,crps,1155.11,921.74,0.1,22
18,crps,dss,1039.87,969.72,0.1,22
19,crps,is1,6258.51,5302.45,0.1,22
20,dss,sse,26892.04,16907.79,0.1,22
21,dss,crps,1159.94,872.31,0.1,22
22,dss,dss,1059.13,971.7,0.1,22
23,dss,is1,6691.95,5239.85,0.1,22
24,is1,sse,23992.79,16714.95,0.1,22
25,is1,crps,1089.21,863.79,0.1,22
26,is1,dss,1116.34,1021.03,0.1,22
27,is1,is1,6211.14,5133.79,0.1,22
28,sse,sse,29665.7,20905.31,0.1,22
29,sse,crps,1163.98,980.17,0.1,22
30,sse,dss,1069.0,1020.76,0.1,22
31,sse,is1,6255.49,5505.23,0.1,22
32,crps,sse,29110.64,20078.23,0.3,22
33,crps,crps,1128.22,931.21,0.3,22
34,crps,dss,1030.11,973.55,0.3,22
35,crps,is1,6126.89,5329.66,0.3,22
36,dss,sse,25082.16,17829.4,0.3,22
37,dss,crps,1092.59,914.03,0.3,22
38,dss,dss,1037.18,990.46,0.3,22
39,dss,is1,6635.22,5431.6,0.3,22
40,is1,sse,24060.24,17525.48,0.3,22
41,is1,crps,1099.9,924.08,0.3,22
42,is1,dss,1116.36,1046.22,0.3,22
43,is1,is1,6233.28,5352.61,0.3,22
44,sse,sse,31520.4,22740.92,0.3,22
45,sse,crps,1190.21,1035.33,0.3,22
46,sse,dss,1081.65,1038.33,0.3,22
47,sse,is1,6198.78,5595.2,0.3,22
48,crps,sse,31520.4,22740.92,0.5,22
49,crps,crps,1190.21,1035.33,0.5,22
50,crps,dss,1081.65,1038.33,0.5,22
51,crps,is1,6198.78,5595.2,0.5,22
52,dss,sse,25981.48,24818.33,0.5,22
53,dss,crps,1131.84,1091.55,0.5,22
54,dss,dss,1071.16,1056.09,0.5,22
55,dss,is1,6138.67,5713.46,0.5,22
56,is1,sse,22559.02,18363.59,0.5,22
57,is1,crps,1062.5,953.84,0.5,22
58,is1,dss,1119.09,1055.49,0.5,22
59,is1,is1,6186.61,5527.78,0.5,22
60,sse,sse,31520.4,22740.92,0.5,22
61,sse,crps,1190.21,1035.33,0.5,22
62,sse,dss,1081.65,1038.33,0.5,22
63,sse,is1,6198.78,5595.2,0.5,22
64,crps,sse,31520.4,22740.92,0.8,22
65,crps,crps,1190.21,1035.33,0.8,22
66,crps,dss,1081.65,1038.33,0.8,22
67,crps,is1,6198.78,5595.2,0.8,22
68,dss,sse,25981.48,24818.33,0.8,22
69,dss,crps,1131.84,1091.55,0.8,22
70,dss,dss,1071.16,1056.09,0.8,22
71,dss,is1,6138.67,5713.46,0.8,22
72,is1,sse,22559.02,18363.59,0.8,22
73,is1,crps,1062.5,953.84,0.8,22
74,is1,dss,1119.09,1055.49,0.8,22
75,is1,is1,6186.61,5527.78,0.8,22
76,sse,sse,31520.4,22740.92,0.8,22
77,sse,crps,1190.21,1035.33,0.8,22
78,sse,dss,1081.65,1038.33,0.8,22
79,sse,is1,6198.78,5595.2,0.8,22
0,crps,sse,19890.39,21391.08,0.0,23
1,crps,crps,1055.29,903.5,0.0,23
2,crps,dss,1106.74,941.69,0.0,23
3,crps,is1,5844.07,5533.11,0.0,23
4,dss,sse,16378.95,18402.45,0.0,23
5,dss,crps,974.97,850.25,0.0,23
6,dss,dss,1079.84,913.31,0.0,23
7,dss,is1,5587.57,5277.32,0.0,23
8,is1,sse,16499.05,18427.52,0.0,23
9,is1,crps,983.59,846.42,0.0,23
10,is1,dss,1081.01,912.13,0.0,23
11,is1,is1,5652.68,5258.88,0.0,23
12,sse,sse,19903.88,21264.64,0.0,23
13,sse,crps,1044.68,907.9,0.0,23
14,sse,dss,1102.77,942.53,0.0,23
15,sse,is1,5772.61,5555.65,0.0,23
16,crps,sse,19780.93,21479.76,0.1,23
17,crps,crps,1045.71,911.97,0.1,23
18,crps,dss,1072.2,950.19,0.1,23
19,crps,is1,5788.55,5554.47,0.1,23
20,dss,sse,16408.43,18471.35,0.1,23
21,dss,crps,973.89,858.01,0.1,23
22,dss,dss,1052.31,924.25,0.1,23
23,dss,is1,5607.58,5308.13,0.1,23
24,is1,sse,15965.65,18750.24,0.1,23
25,is1,crps,958.13,869.62,0.1,23
26,is1,dss,1018.31,932.33,0.1,23
27,is1,is1,5604.64,5309.3,0.1,23
28,sse,sse,19846.82,22251.21,0.1,23
29,sse,crps,1055.35,968.27,0.1,23
30,sse,dss,1076.36,1004.3,0.1,23
31,sse,is1,5869.8,5693.42,0.1,23
32,crps,sse,20505.32,22756.25,0.3,23
33,crps,crps,1064.62,980.34,0.3,23
34,crps,dss,1080.63,1007.42,0.3,23
35,crps,is1,5857.22,5694.61,0.3,23
36,dss,sse,16238.5,18784.59,0.3,23
37,dss,crps,950.32,895.07,0.3,23
38,dss,dss,1019.47,947.11,0.3,23
39,dss,is1,5596.85,5431.57,0.3,23
40,is1,sse,17210.6,19352.6,0.3,23
41,is1,crps,1002.67,935.7,0.3,23
42,is1,dss,1071.43,996.28,0.3,23
43,is1,is1,5800.38,5553.69,0.3,23
44,sse,sse,19026.1,24045.42,0.3,23
45,sse,crps,1039.47,1021.8,0.3,23
46,sse,dss,1082.63,1016.76,0.3,23
47,sse,is1,5848.63,5711.0,0.3,23
48,crps,sse,19026.1,24045.42,0.5,23
49,crps,crps,1039.47,1021.8,0.5,23
50,crps,dss,1082.63,1016.76,0.5,23
51,crps,is1,5848.63,5711.0,0.5,23
52,dss,sse,17210.6,19352.6,0.5,23
53,dss,crps,1002.67,935.7,0.5,23
54,dss,dss,1071.43,996.28,0.5,23
55,dss,is1,5800.38,5553.69,0.5,23
56,is1,sse,17210.6,19352.6,0.5,23
57,is1,crps,1002.67,935.7,0.5,23
58,is1,dss,1071.43,996.28,0.5,23
59,is1,is1,5800.38,5553.69,0.5,23
60,sse,sse,19026.1,24045.42,0.5,23
61,sse,crps,1039.47,1021.8,0.5,23
62,sse,dss,1082.63,1016.76,0.5,23
63,sse,is1,5848.63,5711.0,0.5,23
64,crps,sse,19026.1,24045.42,0.8,23
65,crps,crps,1039.47,1021.8,0.8,23
66,crps,dss,1082.63,1016.76,0.8,23
67,crps,is1,5848.63,5711.0,0.8,23
68,dss,sse,17210.6,19352.6,0.8,23
69,dss,crps,1002.67,935.7,0.8,23
70,dss,dss,1071.43,996.28,0.8,23
71,dss,is1,5800.38,5553.69,0.8,23
72,is1,sse,17210.6,19352.6,0.8,23
73,is1,crps,1002.67,935.7,0.8,23
74,is1,dss,1071.43,996.28,0.8,23
75,is1,is1,5800.38,5553.69,0.8,23
76,sse,sse,19026.1,24045.42,0.8,23
77,sse,crps,1039.47,1021.8,0.8,23
78,sse,dss,1082.63,1016.76,0.8,23
79,sse,is1,5848.63,5711.0,0.8,23
0,crps,sse,18575.55,17159.49,0.0,24
1,crps,crps,971.34,857.36,0.0,24
2,crps,dss,1019.32,934.68,0.0,24
3,crps,is1,5917.83,5141.03,0.0,24
4,dss,sse,22306.88,16514.04,0.0,24
5,dss,crps,1082.85,856.71,0.0,24
6,dss,dss,1068.1,937.85,0.0,24
7,dss,is1,6021.37,5161.52,0.0,24
8,is1,sse,22548.0,16321.23,0.0,24
9,is1,crps,1084.02,853.62,0.0,24
10,is1,dss,1062.32,940.18,0.0,24
11,is1,is1,6050.89,5119.35,0.0,24
12,sse,sse,18661.01,16844.85,0.0,24
13,sse,crps,975.27,852.18,0.0,24
14,sse,dss,1029.36,929.9,0.0,24
15,sse,is1,5908.03,5123.66,0.0,24
16,crps,sse,18351.33,17346.79,0.1,24
17,crps,crps,955.03,877.39,0.1,24
18,crps,dss,996.95,947.98,0.1,24
19,crps,is1,5866.65,5211.96,0.1,24
20,dss,sse,22324.39,16687.72,0.1,24
21,dss,crps,1071.6,874.55,0.1,24
22,dss,dss,1054.11,950.45,0.1,24
23,dss,is1,6035.72,5191.86,0.1,24
24,is1,sse,22523.31,16547.78,0.1,24
25,is1,crps,1078.84,867.39,0.1,24
26,is1,dss,1057.36,948.01,0.1,24
27,is1,is1,6045.96,5149.5,0.1,24
28,sse,sse,18351.33,17346.79,0.1,24
29,sse,crps,955.03,877.39,0.1,24
30,sse,dss,996.95,947.98,0.1,24
31,sse,is1,5866.65,5211.96,0.1,24
32,crps,sse,16512.2,18577.4,0.3,24
33,crps,crps,929.72,908.57,0.3,24
34,crps,dss,997.25,955.7,0.3,24
35,crps,is1,5697.08,5239.82,0.3,24
36,dss,sse,22537.65,16787.65,0.3,24
37,dss,crps,1052.45,891.42,0.3,24
38,dss,dss,1024.37,967.27,0.3,24
39,dss,is1,6092.23,5262.68,0.3,24
40,is1,sse,22537.65,16787.65,0.3,24
41,is1,crps,1052.45,891.42,0.3,24
42,is1,dss,1024.37,967.27,0.3,24
43,is1,is1,6092.23,5262.68,0.3,24
44,sse,sse,17009.06,19640.82,0.3,24
45,sse,crps,958.59,975.2,0.3,24
46,sse,dss,1026.09,1026.62,0.3,24
47,sse,is1,5815.77,5503.64,0.3,24
48,crps,sse,17009.06,19640.82,0.5,24
49,crps,crps,958.59,975.2,0.5,24
50,crps,dss,1026.09,1026.62,0.5,24
51,crps,is1,5815.77,5503.64,0.5,24
52,dss,sse,22537.65,16787.65,0.5,24
53,dss,crps,1052.45,891.42,0.5,24
54,dss,dss,1024.37,967.27,0.5,24
55,dss,is1,6092.23,5262.68,0.5,24
56,is1,sse,23023.39,17792.21,0.5,24
57,is1,crps,1080.05,953.75,0.5,24
58,is1,dss,1053.61,1028.96,0.5,24
59,is1,is1,6214.37,5489.85,0.5,24
60,sse,sse,17009.06,19640.82,0.5,24
61,sse,crps,958.59,975.2,0.5,24
62,sse,dss,1026.09,1026.62,0.5,24
63,sse,is1,5815.77,5503.64,0.5,24
64,crps,sse,17009.06,19640.82,0.8,24
65,crps,crps,958.59,975.2,0.8,24
66,crps,dss,1026.09,1026.62,0.8,24
67,crps,is1,5815.77,5503.64,0.8,24
68,dss,sse,20237.47,23538.41,0.8,24
69,dss,crps,1027.0,1059.99,0.8,24
70,dss,dss,1045.42,1049.72,0.8,24
71,dss,is1,5942.1,5656.76,0.8,24
72,is1,sse,20237.47,23538.41,0.8,24
73,is1,crps,1027.0,1059.99,0.8,24
74,is1,dss,1045.42,1049.72,0.8,24
75,is1,is1,5942.1,5656.76,0.8,24
76,sse,sse,17009.06,19640.82,0.8,24
77,sse,crps,958.59,975.2,0.8,24
78,sse,dss,1026.09,1026.62,0.8,24
79,sse,is1,5815.77,5503.64,0.8,24
0,crps,sse,21423.22,20414.26,0.0,25
1,crps,crps,1021.77,963.81,0.0,25
2,crps,dss,1010.73,1014.45,0.0,25
3,crps,is1,5802.22,5751.76,0.0,25
4,dss,sse,17334.99,18824.37,0.0,25
5,dss,crps,960.9,926.84,0.0,25
6,dss,dss,1004.15,974.69,0.0,25
7,dss,is1,5458.18,5466.62,0.0,25
8,is1,sse,16248.11,19651.17,0.0,25
9,is1,crps,928.48,958.46,0.0,25
10,is1,dss,1006.21,988.34,0.0,25
11,is1,is1,5543.83,5452.13,0.0,25
12,sse,sse,21087.63,20276.42,0.0,25
13,sse,crps,1007.91,969.01,0.0,25
14,sse,dss,1005.5,1014.96,0.0,25
15,sse,is1,5751.71,5739.9,0.0,25
16,crps,sse,21423.22,20414.26,0.1,25
17,crps,crps,1021.77,963.81,0.1,25
18,crps,dss,1010.73,1014.45,0.1,25
19,crps,is1,5802.22,5751.76,0.1,25
20,dss,sse,17160.91,19143.63,0.1,25
21,dss,crps,946.16,942.92,0.1,25
22,dss,dss,991.05,982.57,0.1,25
23,dss,is1,5456.37,5486.66,0.1,25
24,is1,sse,16084.07,20373.43,0.1,25
25,is1,crps,886.67,1002.11,0.1,25
26,is1,dss,960.1,1014.84,0.1,25
27,is1,is1,5348.32,5549.54,0.1,25
28,sse,sse,20695.76,20748.37,0.1,25
29,sse,crps,990.29,986.47,0.1,25
30,sse,dss,994.33,1021.84,0.1,25
31,sse,is1,5715.57,5761.9,0.1,25
32,crps,sse,19773.7,23437.01,0.3,25
33,crps,crps,975.34,1042.4,0.3,25
34,crps,dss,1087.46,1112.14,0.3,25
35,crps,is1,5957.1,5931.19,0.3,25
36,dss,sse,16776.23,21481.58,0.3,25
37,dss,crps,899.65,1019.02,0.3,25
38,dss,dss,964.98,1019.18,0.3,25
39,dss,is1,5463.52,5644.05,0.3,25
40,is1,sse,17430.88,22285.62,0.3,25
41,is1,crps,943.71,1063.71,0.3,25
42,is1,dss,1014.6,1060.46,0.3,25
43,is1,is1,5637.74,5805.46,0.3,25
44,sse,sse,19797.89,23818.98,0.3,25
45,sse,crps,1002.35,1086.01,0.3,25
46,sse,dss,1109.1,1135.09,0.3,25
47,sse,is1,6054.38,6061.0,0.3,25
48,crps,sse,19797.89,23818.98,0.5,25
49,crps,crps,1002.35,1086.01,0.5,25
50,crps,dss,1109.1,1135.09,0.5,25
51,crps,is1,6054.38,6061.0,0.5,25
52,dss,sse,17430.88,22285.62,0.5,25
53,dss,crps,943.71,1063.71,0.5,25
54,dss,dss,1014.6,1060.46,0.5,25
55,dss,is1,5637.74,5805.46,0.5,25
56,is1,sse,17430.88,22285.62,0.5,25
57,is1,crps,943.71,1063.71,0.5,25
58,is1,dss,1014.6,1060.46,0.5,25
59,is1,is1,5637.74,5805.46,0.5,25
60,sse,sse,19797.89,23818.98,0.5,25
61,sse,crps,1002.35,1086.01,0.5,25
62,sse,dss,1109.1,1135.09,0.5,25
63,sse,is1,6054.38,6061.0,0.5,25
64,crps,sse,19797.89,23818.98,0.8,25
65,crps,crps,1002.35,1086.01,0.8,25
66,crps,dss,1109.1,1135.09,0.8,25
67,crps,is1,6054.38,6061.0,0.8,25
68,dss,sse,17430.88,22285.62,0.8,25
69,dss,crps,943.71,1063.71,0.8,25
70,dss,dss,1014.6,1060.46,0.8,25
71,dss,is1,5637.74,5805.46,0.8,25
72,is1,sse,17430.88,22285.62,0.8,25
73,is1,crps,943.71,1063.71,0.8,25
74,is1,dss,1014.6,1060.46,0.8,25
75,is1,is1,5637.74,5805.46,0.8,25
76,sse,sse,19797.89,23818.98,0.8,25
77,sse,crps,1002.35,1086.01,0.8,25
78,sse,dss,1109.1,1135.09,0.8,25
79,sse,is1,6054.38,6061.0,0.8,25
0,crps,sse,25262.2,19274.1,0.0,26
1,crps,crps,1105.92,874.68,0.0,26
2,crps,dss,1192.75,942.91,0.0,26
3,crps,is1,6408.49,4944.12,0.0,26
4,dss,sse,29204.14,19032.85,0.0,26
5,dss,crps,1192.38,913.45,0.0,26
6,dss,dss,1106.84,961.12,0.0,26
7,dss,is1,6689.08,5019.26,0.0,26
8,is1,sse,31893.16,21648.77,0.0,26
9,is1,crps,1261.75,975.4,0.0,26
10,is1,dss,1081.02,986.27,0.0,26
11,is1,is1,6712.8,5008.27,0.0,26
12,sse,sse,25657.73,18902.48,0.0,26
13,sse,crps,1102.37,865.08,0.0,26
14,sse,dss,1188.1,942.37,0.0,26
15,sse,is1,6410.9,4950.07,0.0,26
16,crps,sse,25233.54,19657.3,0.1,26
17,crps,crps,1087.71,895.42,0.1,26
18,crps,dss,1192.72,955.13,0.1,26
19,crps,is1,6377.42,4968.9,0.1,26
20,dss,sse,29254.96,19216.15,0.1,26
21,dss,crps,1181.97,932.29,0.1,26
22,dss,dss,1061.59,979.62,0.1,26
23,dss,is1,6603.04,5086.93,0.1,26
24,is1,sse,31821.88,21726.76,0.1,26
25,is1,crps,1248.07,988.37,0.1,26
26,is1,dss,1065.9,995.4,0.1,26
27,is1,is1,6608.72,5092.61,0.1,26
28,sse,sse,25351.65,19670.68,0.1,26
29,sse,crps,1074.64,902.38,0.1,26
30,sse,dss,1190.8,957.88,0.1,26
31,sse,is1,6367.54,5031.42,0.1,26
32,crps,sse,25351.65,19670.68,0.3,26
33,crps,crps,1074.64,902.38,0.3,26
34,crps,dss,1190.8,957.88,0.3,26
35,crps,is1,6367.54,5031.42,0.3,26
36,dss,sse,34318.61,22610.08,0.3,26
37,dss,crps,1273.28,1005.78,0.3,26
38,dss,dss,1072.89,998.12,0.3,26
39,dss,is1,6613.28,5199.91,0.3,26
40,is1,sse,32550.59,22417.03,0.3,26
41,is1,crps,1290.99,1032.08,0.3,26
42,is1,dss,1110.69,1037.24,0.3,26
43,is1,is1,6798.5,5222.49,0.3,26
44,sse,sse,25865.29,20442.5,0.3,26
45,sse,crps,1114.9,951.99,0.3,26
46,sse,dss,1114.81,1005.93,0.3,26
47,sse,is1,6548.8,5183.65,0.3,26
48,crps,sse,25865.29,20442.5,0.5,26
49,crps,crps,1114.9,951.99,0.5,26
50,crps,dss,1114.81,1005.93,0.5,26
51,crps,is1,6548.8,5183.65,0.5,26
52,dss,sse,35047.32,23300.35,0.5,26
53,dss,crps,1316.2,1049.49,0.5,26
54,dss,dss,1117.69,1039.96,0.5,26
55,dss,is1,6803.06,5329.79,0.5,26
56,is1,sse,35047.32,23300.35,0.5,26
57,is1,crps,1316.2,1049.49,0.5,26
58,is1,dss,1117.69,1039.96,0.5,26
59,is1,is1,6803.06,5329.79,0.5,26
60,sse,sse,27881.18,21847.45,0.5,26
61,sse,crps,1156.53,989.76,0.5,26
62,sse,dss,1131.06,1024.13,0.5,26
63,sse,is1,6526.65,5186.55,0.5,26
64,crps,sse,27881.18,21847.45,0.8,26
65,crps,crps,1156.53,989.76,0.8,26
66,crps,dss,1131.06,1024.13,0.8,26
67,crps,is1,6526.65,5186.55,0.8,26
68,dss,sse,35047.32,23300.35,0.8,26
69,dss,crps,1316.2,1049.49,0.8,26
70,dss,dss,1117.69,1039.96,0.8,26
71,dss,is1,6803.06,5329.79,0.8,26
72,is1,sse,35047.32,23300.35,0.8,26
73,is1,crps,1316.2,1049.49,0.8,26
74,is1,dss,1117.69,1039.96,0.8,26
75,is1,is1,6803.06,5329.79,0.8,26
76,sse,sse,27881.18,21847.45,0.8,26
77,sse,crps,1156.53,989.76,0.8,26
78,sse,dss,1131.06,1024.13,0.8,26
79,sse,is1,6526.65,5186.55,0.8,26
0,crps,sse,24485.58,17704.17,0.0,27
1,crps,crps,1087.27,874.72,0.0,27
2,crps,dss,1096.47,963.44,0.0,27
3,crps,is1,5792.8,5438.93,0.0,27
4,dss,sse,30821.79,24590.88,0.0,27
5,dss,crps,1248.63,981.25,0.0,27
6,dss,dss,1141.73,968.65,0.0,27
7,dss,is1,6646.78,5713.17,0.0,27
8,is1,sse,33990.77,22367.45,0.0,27
9,is1,crps,1348.54,945.17,0.0,27
10,is1,dss,1153.31,985.94,0.0,27
11,is1,is1,6383.38,5499.64,0.0,27
12,sse,sse,24331.31,17613.69,0.0,27
13,sse,crps,1080.93,870.13,0.0,27
14,sse,dss,1105.0,957.05,0.0,27
15,sse,is1,5835.68,5463.86,0.0,27
16,crps,sse,24425.69,17782.4,0.1,27
17,crps,crps,1082.15,878.24,0.1,27
18,crps,dss,1109.51,1014.39,0.1,27
19,crps,is1,5799.78,5439.75,0.1,27
20,dss,sse,30788.6,24622.54,0.1,27
21,dss,crps,1242.89,987.18,0.1,27
22,dss,dss,1138.58,973.65,0.1,27
23,dss,is1,6617.61,5718.4,0.1,27
24,is1,sse,35011.58,23045.34,0.1,27
25,is1,crps,1358.55,981.99,0.1,27
26,is1,dss,1117.47,1023.33,0.1,27
27,is1,is1,6271.55,5619.81,0.1,27
28,sse,sse,23249.22,19275.75,0.1,27
29,sse,crps,1062.83,983.08,0.1,27
30,sse,dss,1091.0,1064.27,0.1,27
31,sse,is1,5860.08,5813.95,0.1,27
32,crps,sse,22984.85,18484.25,0.3,27
33,crps,crps,1038.12,924.06,0.3,27
34,crps,dss,1086.14,1038.46,0.3,27
35,crps,is1,5746.53,5612.73,0.3,27
36,dss,sse,42244.09,28098.98,0.3,27
37,dss,crps,1449.94,1089.96,0.3,27
38,dss,dss,1123.87,1018.45,0.3,27
39,dss,is1,6520.43,5821.21,0.3,27
40,is1,sse,35329.52,24002.61,0.3,27
41,is1,crps,1376.6,1039.94,0.3,27
42,is1,dss,1141.66,1072.62,0.3,27
43,is1,is1,6368.57,5808.85,0.3,27
44,sse,sse,23249.22,19275.75,0.3,27
45,sse,crps,1062.83,983.08,0.3,27
46,sse,dss,1091.0,1064.27,0.3,27
47,sse,is1,5860.08,5813.95,0.3,27
48,crps,sse,23249.22,19275.75,0.5,27
49,crps,crps,1062.83,983.08,0.5,27
50,crps,dss,1091.0,1064.27,0.5,27
51,crps,is1,5860.08,5813.95,0.5,27
52,dss,sse,42244.09,28098.98,0.5,27
53,dss,crps,1449.94,1089.96,0.5,27
54,dss,dss,1123.87,1018.45,0.5,27
55,dss,is1,6520.43,5821.21,0.5,27
56,is1,sse,39868.25,25444.72,0.5,27
57,is1,crps,1430.34,1068.1,0.5,27
58,is1,dss,1154.64,1078.74,0.5,27
59,is1,is1,6483.86,5975.98,0.5,27
60,sse,sse,23249.22,19275.75,0.5,27
61,sse,crps,1062.83,983.08,0.5,27
62,sse,dss,1091.0,1064.27,0.5,27
63,sse,is1,5860.08,5813.95,0.5,27
64,crps,sse,23249.22,19275.75,0.8,27
65,crps,crps,1062.83,983.08,0.8,27
66,crps,dss,1091.0,1064.27,0.8,27
67,crps,is1,5860.08,5813.95,0.8,27
68,dss,sse,42562.03,29056.25,0.8,27
69,dss,crps,1467.99,1147.9,0.8,27
70,dss,dss,1148.06,1067.75,0.8,27
71,dss,is1,6617.45,6010.24,0.8,27
72,is1,sse,39868.25,25444.72,0.8,27
73,is1,crps,1430.34,1068.1,0.8,27
74,is1,dss,1154.64,1078.74,0.8,27
75,is1,is1,6483.86,5975.98,0.8,27
76,sse,sse,23249.22,19275.75,0.8,27
77,sse,crps,1062.83,983.08,0.8,27
78,sse,dss,1091.0,1064.27,0.8,27
79,sse,is1,5860.08,5813.95,0.8,27
0,crps,sse,30120.84,19296.99,0.0,28
1,crps,crps,1126.87,920.8,0.0,28
2,crps,dss,1073.61,981.82,0.0,28
3,crps,is1,6346.49,5512.25,0.0,28
4,dss,sse,25840.64,16228.55,0.0,28
5,dss,crps,1111.39,873.67,0.0,28
6,dss,dss,1088.78,945.67,0.0,28
7,dss,is1,6251.73,5240.12,0.0,28
8,is1,sse,25237.78,16718.77,0.0,28
9,is1,crps,1097.48,882.29,0.0,28
10,is1,dss,1077.45,948.89,0.0,28
11,is1,is1,6056.81,5190.74,0.0,28
12,sse,sse,30154.28,19331.17,0.0,28
13,sse,crps,1127.91,927.32,0.0,28
14,sse,dss,1071.53,992.76,0.0,28
15,sse,is1,6331.59,5514.11,0.0,28
16,crps,sse,30222.28,19856.07,0.1,28
17,crps,crps,1122.14,940.91,0.1,28
18,crps,dss,1137.71,1045.81,0.1,28
19,crps,is1,6273.99,5541.83,0.1,28
20,dss,sse,25733.08,16449.24,0.1,28
21,dss,crps,1103.31,881.75,0.1,28
22,dss,dss,1087.03,948.91,0.1,28
23,dss,is1,6232.73,5246.6,0.1,28
24,is1,sse,26081.09,18957.1,0.1,28
25,is1,crps,1087.83,958.58,0.1,28
26,is1,dss,1026.87,991.7,0.1,28
27,is1,is1,5955.05,5380.14,0.1,28
28,sse,sse,30317.21,20590.0,0.1,28
29,sse,crps,1143.37,1001.22,0.1,28
30,sse,dss,1123.57,1073.82,0.1,28
31,sse,is1,6323.99,5758.11,0.1,28
32,crps,sse,30019.88,19995.39,0.3,28
33,crps,crps,1108.8,950.61,0.3,28
34,crps,dss,1107.51,1055.68,0.3,28
35,crps,is1,6182.35,5583.34,0.3,28
36,dss,sse,26081.09,18957.1,0.3,28
37,dss,crps,1087.83,958.58,0.3,28
38,dss,dss,1026.87,991.7,0.3,28
39,dss,is1,5955.05,5380.14,0.3,28
40,is1,sse,26615.59,19880.99,0.3,28
41,is1,crps,1119.24,1015.45,0.3,28
42,is1,dss,1062.1,1046.59,0.3,28
43,is1,is1,6099.64,5567.08,0.3,28
44,sse,sse,30317.21,20590.0,0.3,28
45,sse,crps,1143.37,1001.22,0.3,28
46,sse,dss,1123.57,1073.82,0.3,28
47,sse,is1,6323.99,5758.11,0.3,28
48,crps,sse,30317.21,20590.0,0.5,28
49,crps,crps,1143.37,1001.22,0.5,28
50,crps,dss,1123.57,1073.82,0.5,28
51,crps,is1,6323.99,5758.11,0.5,28
52,dss,sse,26081.09,18957.1,0.5,28
53,dss,crps,1087.83,958.58,0.5,28
54,dss,dss,1026.87,991.7,0.5,28
55,dss,is1,5955.05,5380.14,0.5,28
56,is1,sse,26615.59,19880.99,0.5,28
57,is1,crps,1119.24,1015.45,0.5,28
58,is1,dss,1062.1,1046.59,0.5,28
59,is1,is1,6099.64,5567.08,0.5,28
60,sse,sse,30317.21,20590.0,0.5,28
61,sse,crps,1143.37,1001.22,0.5,28
62,sse,dss,1123.57,1073.82,0.5,28
63,sse,is1,6323.99,5758.11,0.5,28
64,crps,sse,26404.11,23693.0,0.8,28
65,crps,crps,1101.95,1061.44,0.8,28
66,crps,dss,1116.31,1099.76,0.8,28
67,crps,is1,6243.02,5758.11,0.8,28
68,dss,sse,26615.59,19880.99,0.8,28
69,dss,crps,1119.24,1015.45,0.8,28
70,dss,dss,1062.1,1046.59,0.8,28
71,dss,is1,6099.64,5567.08,0.8,28
72,is1,sse,26615.59,19880.99,0.8,28
73,is1,crps,1119.24,1015.45,0.8,28
74,is1,dss,1062.1,1046.59,0.8,28
75,is1,is1,6099.64,5567.08,0.8,28
76,sse,sse,26404.11,23693.0,0.8,28
77,sse,crps,1101.95,1061.44,0.8,28
78,sse,dss,1116.31,1099.76,0.8,28
79,sse,is1,6243.02,5758.11,0.8,28
0,crps,sse,19418.97,17987.22,0.0,29
1,crps,crps,995.08,909.08,0.0,29
2,crps,dss,1036.43,998.28,0.0,29
3,crps,is1,5591.43,5632.89,0.0,29
4,dss,sse,28307.05,23929.93,0.0,29
5,dss,crps,1146.74,998.96,0.0,29
6,dss,dss,1143.63,986.7,0.0,29
7,dss,is1,6107.19,5743.36,0.0,29
8,is1,sse,30515.96,25184.89,0.0,29
9,is1,crps,1191.91,1027.87,0.0,29
10,is1,dss,1110.32,996.58,0.0,29
11,is1,is1,6105.89,5685.66,0.0,29
12,sse,sse,19418.97,17987.22,0.0,29
13,sse,crps,995.08,909.08,0.0,29
14,sse,dss,1036.43,998.28,0.0,29
15,sse,is1,5591.43,5632.89,0.0,29
16,crps,sse,18905.74,18248.72,0.1,29
17,crps,crps,962.13,928.96,0.1,29
18,crps,dss,1005.84,1007.39,0.1,29
19,crps,is1,5548.98,5667.07,0.1,29
20,dss,sse,28307.05,23929.93,0.1,29
21,dss,crps,1146.74,998.96,0.1,29
22,dss,dss,1143.63,986.7,0.1,29
23,dss,is1,6107.19,5743.36,0.1,29
24,is1,sse,30158.4,25538.73,0.1,29
25,is1,crps,1157.88,1054.15,0.1,29
26,is1,dss,1035.03,1022.64,0.1,29
27,is1,is1,5990.37,5769.1,0.1,29
28,sse,sse,19371.57,19064.45,0.1,29
29,sse,crps,989.13,986.98,0.1,29
30,sse,dss,1070.16,1088.84,0.1,29
31,sse,is1,5640.18,5838.91,0.1,29
32,crps,sse,18797.09,19262.58,0.3,29
33,crps,crps,952.43,959.45,0.3,29
34,crps,dss,1057.73,1074.48,0.3,29
35,crps,is1,5609.08,5774.48,0.3,29
36,dss,sse,33081.71,28530.39,0.3,29
37,dss,crps,1226.91,1122.77,0.3,29
38,dss,dss,1058.33,1039.93,0.3,29
39,dss,is1,6028.06,5912.06,0.3,29
40,is1,sse,33081.71,28530.39,0.3,29
41,is1,crps,1226.91,1122.77,0.3,29
42,is1,dss,1058.33,1039.93,0.3,29
43,is1,is1,6028.06,5912.06,0.3,29
44,sse,sse,19199.79,19693.27,0.3,29
45,sse,crps,983.25,1006.42,0.3,29
46,sse,dss,1074.5,1095.29,0.3,29
47,sse,is1,5688.67,5944.82,0.3,29
48,crps,sse,19199.79,19693.27,0.5,29
49,crps,crps,983.25,1006.42,0.5,29
50,crps,dss,1074.5,1095.29,0.5,29
51,crps,is1,5688.67,5944.82,0.5,29
52,dss,sse,33081.71,28530.39,0.5,29
53,dss,crps,1226.91,1122.77,0.5,29
54,dss,dss,1058.33,1039.93,0.5,29
55,dss,is1,6028.06,5912.06,0.5,29
56,is1,sse,33587.47,29343.08,0.5,29
57,is1,crps,1257.44,1171.96,0.5,29
58,is1,dss,1091.98,1084.03,0.5,29
59,is1,is1,6114.0,6096.54,0.5,29
60,sse,sse,19199.79,19693.27,0.5,29
61,sse,crps,983.25,1006.42,0.5,29
62,sse,dss,1074.5,1095.29,0.5,29
63,sse,is1,5688.67,5944.82,0.5,29
64,crps,sse,19199.79,19693.27,0.8,29
65,crps,crps,983.25,1006.42,0.8,29
66,crps,dss,1074.5,1095.29,0.8,29
67,crps,is1,5688.67,5944.82,0.8,29
68,dss,sse,33587.47,29343.08,0.8,29
69,dss,crps,1257.44,1171.96,0.8,29
70,dss,dss,1091.98,1084.03,0.8,29
71,dss,is1,6114.0,6096.54,0.8,29
72,is1,sse,33587.47,29343.08,0.8,29
73,is1,crps,1257.44,1171.96,0.8,29
74,is1,dss,1091.98,1084.03,0.8,29
75,is1,is1,6114.0,6096.54,0.8,29
76,sse,sse,19199.79,19693.27,0.8,29
77,sse,crps,983.25,1006.42,0.8,29
78,sse,dss,1074.5,1095.29,0.8,29
79,sse,is1,5688.67,5944.82,0.8,29
