0.395051983058009,0.11313571686193667
0.5775073592072522,0.5862090236279467
-0.7527703036585809,0.08898979265396154
0.355311649049348,0.28235188795924404
0.073453168347479,0.20023338935860682
0.1361474499475308,3.1748044275221826e-10
-0.8089146355619146,0.42953133488023165
0.7151957909873166,0.0931777900878197
-0.5214210811044433,0.05265190014301493
0.8769046405448724,-0.1490243402885778
-0.0595080423867746,0.3421620473376172
0.8718005016359531,0.5337314428062405
0.6774070461688597,0.161469966700092
-0.6443199066523848,0.028858666184962026
-0.8454208614035716,0.003624662164492136
0.0276687006063047,0.0001935566526039646
-0.6497478599643707,0.38523135603610964
-0.2232434766729738,-0.345785318531132
0.4991374638282508,0.23853589627006402
-0.7997570430752996,0.0005860346405885809
0.3909996862485763,0.004642415032529203
0.0667487187898416,0.06753763803904327
-0.3609400291080966,-0.024008249592121
-0.3805865381511417,0.7473536400864937
0.4132564207684692,0.17296025182528135
-0.2826224615418879,0.41759543780700215
0.2491727496520066,1.2585829165841186e-08
-0.0638135205646557,1.0284301713332582
0.2270959562624552,0.07102619237338718
-0.0082787259686614,0.18820524093270782
-0.3419816861014335,0.20655956677317114
0.7888083935366317,0.25306814184712556
0.1728657730526925,0.0051434407624451435
-0.5526310515308239,0.28783240986589786
-0.6760319850346628,0.27405654716343
0.7783497018428567,0.5533725369553291
0.583783507475335,0.010839877689479194
-0.565076823935234,0.09273999867261673
0.6540594458945137,-0.18647048904641628
-0.5022416900894877,0.025656456132398295
-0.4225532354907957,0.15505121778543135
0.1084714447576131,0.033899407604154275
0.9281910280841064,-0.49811711158400757
0.1571525055963349,0.1698098126263718
0.7490942393255846,0.3506436044648559
-0.5243415505189304,1.567269313625216
0.6128518911350231,-0.17059341217453133
0.0521564343632039,0.000979015288457589
-0.8165188847690446,0.42067115930931165
0.829263525467469,-0.10017937308719393
0.4726994649134726,0.06742204345494103
0.9101880546573482,0.20186130892232323
0.0551375103302491,0.00029164512180198163
-0.8431158605029583,0.030118707097615355
0.2800577558752199,0.007176455556554014
0.5281331251666648,0.5561362329071655
0.9147633396391256,0.30482998654090393
0.8290695199959022,0.36394879034997585
-0.6982399639260135,0.11141276852187983
-0.8380483269819698,0.021825105272351795
0.7502758282060582,1.0984386910622677
0.0081338815988984,0.019443963299380418
0.6842080436785016,0.052643568044579425
-0.1278733366494149,-0.6496519599556674
-0.1815934801721279,0.5809774738159195
0.2451571863824087,2.159909602624541e-06
0.6105649683127594,0.0959817298411194
-0.1410645322653623,-0.11142621152161836
0.1918562036484938,0.0004655927609929013
-0.1334051725815273,-0.0012256665578522785
-0.2824844882960324,0.14897169165120028
-0.0356680222498093,0.2876162892670126
-0.273194492827004,0.30489124953855506
-0.6886944754509157,0.00016597206702912389
-0.5833798177860783,0.2365494667311082
0.7921930982627066,0.5183293450050241
0.3980611440042501,6.381725172024778e-06
-0.080219067922679,-0.876359765705577
0.320517832486606,4.9958417081134744e-05
-0.9827030027000896,1.0898445028458354
-0.966636450726787,0.8962766757322728
-0.0257964667220091,1.3238095165447876
0.8063293753810576,0.34796102972488163
0.2965742688339638,5.100590108653713e-05
0.912499129599938,0.03235085597240864
0.9440964545357424,0.48781446404955686
-0.1524027722355514,0.6745753358429849
0.6596887350646412,0.9028596133207436
0.7890385726836999,-0.012396793478691326
-0.3661104044853516,0.20325762571989775
-0.9250265778534336,0.16262994585382717
0.0971680276558522,0.10592672309421916
-0.7298051927864675,0.06710419149305874
0.4820524259778176,0.005746886613165052
-0.9578616456705152,0.005987257990155471
0.3897697043572603,0.0009600350230303216
-0.0985943949659717,-0.26880494331835675
-0.7189711476130818,0.11662103593545486
-0.5878988253699899,0.6588124148416133
0.4365027938910151,0.17582473744069238
-0.0906024514858687,0.07858132101176635
0.2752207350168156,0.09734059600938606
0.6901951847609056,-0.2083791568754127
0.7103236034316036,0.05472647469505579
-0.1239169142684477,0.05094743967120219
-0.5144044737323534,0.07985624762290719
-0.6353822345039701,0.16922323772686998
0.6316402343483538,-0.4088978807272949
-0.2693290310791247,0.3789543880427438
-0.5679690712847556,0.08767402440936416
-0.0251930819526453,0.08207725467011762
-0.524364253350996,0.11953145614680166
-0.9515651615567882,1.0345718640785375
0.0902881955680872,0.08345142364654722
-0.0580357518580607,0.36536605238373593
0.7126867821627445,-0.11274704374769984
0.0885000329860659,1.5242760084095108e-05
0.3332515106814109,0.022099295342608915
0.111963100735436,0.2836255108225168
-0.9709349347126186,0.03433316649038637
0.0973468142652758,0.00038997339617623917
0.1047835857187342,0.21624782091187256
-0.1271093714154716,0.17588887956196086
-0.3262148442568953,-1.0452703911971881
0.5427885875755725,0.012064933886838353
-0.7240938447208971,0.005033682029319168
-0.2951255634820846,0.5843231859517792
0.977054060055123,0.27264332921817835
0.5905451010771301,-0.04350272625026946
-0.6173844926477479,0.07121973635270396
-0.1237826013025014,-0.019225339484996107
-0.7861862675185274,0.47561793526229984
-0.3409818441749961,0.29358600822828973
-0.8008192541603345,0.12210256160934845
0.1660485888632217,1.7756781866979744e-05
-0.9197089306919728,0.8058551729569751
-0.7656698672894706,1.5190271285609
0.1547435284053226,0.059191944151145856
0.7920467334199883,0.1856899786104377
-0.6065020380747292,0.018420414189926904
0.4133635184886275,0.0005724095885456524
-0.1785943345091014,0.5977646565443318
-0.3876130233743668,1.3082762265584937
-0.1478364633124933,0.09103551021257344
0.041556689946492,0.08601862434321451
0.7756734031241077,0.2349844322870736
0.0664221806376694,0.06601077527001455
-0.0382349418091298,-0.6357915376239245
-0.143829723007226,0.6261219532045741
-0.5135403608025626,0.932777032497744
0.6533482659787848,0.28349001996509804
-0.1566888147647887,-0.3421260522546274
0.5624543874498387,0.323652882703514
0.046145748897993,1.9314332111500393e-08
-0.3442175495849997,0.1485238586072641
0.8568738823307553,0.6918299014149811
0.4687346565961789,0.13405118114836165
-0.6157559881978705,0.06707312762350996
-0.0794562900061197,0.7992379505667704
0.5327893985570518,-0.01246258357372762
0.6806740953997483,0.45457186173504976
0.0293344185143873,0.6362572650653924
-0.0412200968161786,1.0986665369727457
-0.1066117211718742,-0.7103890291340342
-0.688851368544378,0.2206318621162008
-0.9246270199744682,0.14280671606009274
-0.5290960924010097,0.018893806410297125
0.5668983779093406,0.6396968967202453
0.977756666603978,0.12931998161885827
0.9434844751078107,-0.4571869351137919
-0.2644047588778757,-0.2848608872566106
-0.7831909327444151,1.0467696402349385
0.3519472555591971,0.09131980819515563
-0.181580452529311,-0.07542709019901672
0.3368440189162025,4.9740951731010406e-06
-0.3005016747854647,-0.2123556217438774
-0.8918283340843343,0.010231260468256724
-0.7810145663067727,0.1411875709781163
-0.6730897680421137,0.3721390648859975
-0.3121481390350806,0.2011396147231904
0.097225646064909,0.003725997661313728
0.3827872609318354,0.07290749171170013
-0.6419292804872461,0.04885665759470889
0.939412714825469,0.4231899954343329
0.5512404454034001,0.5310228383432243
0.8113075207124714,0.1319407326784113
0.8865614058644493,0.3504484566122029
-0.9991821261184816,0.34580424150579075
0.7938059326680522,-0.200852058948489
0.7313860906785183,0.1361812932325333
-0.0332488016690006,-0.3701827973708702
-0.1798494098034553,0.9155457088940033
-0.7143369425258534,0.025548644293538574
-0.6418494931950984,0.21756388520678097
-0.3229144978841449,0.08987989391625265
0.1856035314930568,7.26590239303291e-09
-0.401400120907867,0.6898057721105305
0.8468486305301013,-0.038174167135862136
-0.4892689793457985,-0.6152216861313085
-0.6048746161431122,0.011516541065682768
-0.9399061528441012,0.06946142350109341
-0.7363814600707244,0.26627775240317825
-0.7792342996636348,0.02251081595195865
-0.912078263285646,0.22200939130767197
0.8575684446168523,0.19775179119633493
-0.3096565369070625,0.3727015152545846
-0.0747501202177227,0.4326258697694645
-0.0277622921123592,0.3825140065533015
0.271819908709318,0.015577666801180565
-0.8606887977607738,0.003951282434278894
0.8911120926394689,0.14631251934642422
-0.5331769789124361,0.0504518654057284
0.9859143709595124,-0.27702889891790855
-0.7281741609193475,0.03447087364304153
-0.3396206945653328,0.8165182639546622
0.2981403759192229,1.711750115404857e-05
-0.8787871652205537,0.04069208636627282
0.1444222204424561,0.06808895446176293
0.4738192788438216,0.0005033033190758363
0.115158221702772,0.695926291436386
-0.7270641313054598,0.45745942967746217
-0.3350247226832916,2.408821280287813
0.341222459916698,0.09004319413421898
-0.1941005567725453,-0.3099123783271835
-0.1473242574853543,0.7477741995461558
-0.4080384977796523,-0.4178284120137086
0.8634758207799078,0.5285753212987188
0.5027470439720907,0.2701667931616149
-0.947884324465866,0.049970629348421246
-0.7843408940855283,0.017275222671861434
0.7100810278870053,0.28866277449597466
-0.6218813341504383,0.07257656984728895
-0.0203178564076094,0.4412576532769399
0.984255552073408,-0.13627615675867205
0.495301161398028,0.007130985727156402
0.5550072370571544,0.17818289381236513
0.2463051673126439,0.001006540775828285
0.6873882381240404,0.23915335046715364
0.7663530692985177,-0.020869895244419262
0.4974324990993635,0.014491339293021713
-0.2616549265534191,0.13418879819446106
0.5652827491834844,0.01711820655929769
-0.5555694115273497,0.7189170189362715
-0.0800810670320109,1.2393138788772642
0.9041427093903878,0.15062427740465023
0.8122769489176014,-0.23872382756164645
-0.2592676433321548,-0.1181288154504021
-0.6174516899517994,0.0007686048826246526
-0.4996161695288463,0.39823075283970866
0.0309306135369755,0.07762107281248971
-0.2844033986847569,0.49671774493315757
0.0781500550593941,0.007574680296479175
0.4484149053558237,0.5894019385448609
0.640756171899318,0.744445931343054
0.7015678375308425,0.24680890898347085
-0.6208732021255248,0.4939442091796246
-0.623776092099581,0.09208214469910275
-0.0020340873304272,-0.39360345042326667
-0.6534928779698452,0.05527129780701271
-0.5582511097823337,0.25219271843629293
0.9992335129330656,-0.364487544730915
-0.7119780109273548,0.6365625775081118
-0.7391110958074423,0.07278309092901471
-0.8558754034662364,0.15559801114352947
-0.1583392242237593,-0.41867373657190704
-0.3597130549201572,0.8960664669011744
0.7373344728248512,-0.1433379044996308
-0.6575765494792505,0.13887532918731108
-0.6349813275142959,0.18846450475175688
-0.9355569706251604,0.3243939461221112
-0.8317772742289447,0.0009300215289780652
-0.4198701023617297,1.5281086661378216
0.3954042487061888,0.011231348625428118
0.4389948180843619,0.0004646409077065881
-0.0804431767801954,0.6711115881551906
-0.2271837746736911,0.2667813981261692
-0.2718378895515596,1.4314463368741543
-0.2784634680670876,0.7604846050485916
-0.4143983302481544,0.21804259697594186
-0.056500398456875,0.6029303711860878
-0.73655003278533,0.24324123228507233
0.0403994080539589,0.005337145882140274
-0.8129263200630432,0.012913552951135634
-0.1025481996240627,0.042296323524371515
-0.0604682873373061,-0.35701163990416035
0.1322266138585011,0.04822331539361684
-0.6868011854241387,0.007347042276160173
0.8196150494605425,0.0020266578809825797
-0.0499910256119959,0.6419541398521287
0.1538893118573892,0.1807751178643169
0.7479968117469427,0.07456051882431869
-0.318828164772303,0.3995918407733043
0.7484872374712264,0.0996696670776202
0.0528565200311628,0.009066494831866338
0.9745870102387552,0.2700045806101332
-0.4141884565878093,0.40609251450265094
0.3438907002217142,0.3824146134589569
-0.415085667985027,-0.451188474310711
-0.4643430652433735,-0.295206253641843
0.5734035243782711,0.13169031994624897
-0.4178366213798741,-0.9306060151450861
0.8408570075806359,0.17080440618279194
0.8204227771427124,-0.07142465571443413
0.2554549587544636,0.12407278375709493
-0.7369824642088265,0.12955007794438597
0.119859271636169,0.016895901590548622
0.6242747102553947,0.028639182261925716
-0.3489736779510151,-0.4818918120655225
-0.0211638134448992,-0.491946894240975
-0.485328211581558,-0.7117700845684929
-0.320744245770399,-2.2375049412175647
-0.3519871234654979,-0.10938261760006951
0.7525942953892188,0.15439422626904895
-0.4520590135581439,0.15360334024470354
-0.7765789320305201,0.022988686684238625
-0.5621823021272561,0.017068972685839828
0.8558817887296906,0.6520844756253343
0.7212170785738885,0.7711060959297193
0.7596153058865451,0.6948837514661932
-0.2331319496774846,-0.16438433729900453
-0.420054666495395,-0.9460736868271651
-0.8777550235163749,1.0039875165898593
0.8002021392944814,0.4923836028950248
-0.2004971944316464,0.128637378617839
0.4629449432288988,0.009608564216622767
0.9467154770005444,0.13656519333459954
-0.7072709353276516,0.13377269641650877
0.8676131136794587,0.008859195067450198
0.5290219403489997,0.349243894774549
-0.9719626743306796,0.057714025038034376
0.1590771878511814,1.9757019401118175e-09
-0.3453643402170778,0.4052548262716573
-0.0059561160589658,0.8670686844502302
0.1259368816880071,0.03785920484164636
-0.5153550702745702,0.13506333316431168
-0.8973683164678488,0.07430113243567037
0.5841785390414307,-0.23020431720397716
0.8425182745394106,0.26034776480896754
0.3692936289729056,0.15410479013407688
-0.0503065473090693,0.33719093625634566
0.480843567274092,1.3036571283440442e-05
0.3177240288303959,0.014650330492173656
-0.0307206500981327,0.9204575542177795
-0.9685864124164678,1.3214325638230917
0.0270752569451186,0.3069073109187351
-0.9300014034456328,0.03796378428274468
0.6348172449946878,0.1519365040603818
0.1868704554703617,0.0032473984049908506
-0.4354039189760932,0.9678974364907658
-0.5519391092143471,0.06108463286813374
0.0282342301032223,0.0018838125180977918
0.0866301521098682,4.9776283440084166e-11
0.4325145840033093,0.00022296508347592882
-0.730312720183766,0.058397554728288954
-0.3357862278724655,-0.09922260417326306
0.133173053902075,0.0034456436128457568
-0.1245850965598727,0.7193341726806313
-0.0838772589446723,0.22174323608374963
-0.3562972192158251,0.133327814788619
-0.58729900353649,0.019443078112065183
0.3895126187112467,0.03538479047331141
-0.0644286869238357,0.8330822325098819
0.9174357661744176,0.12131566106987059
0.3840213751337986,0.08707846879716599
0.5950898898057579,0.39275774500167604
-0.0274350363365754,0.23159264172929045
-0.9741991503878468,0.01064058372117614
0.7264511246841514,0.49830562212464824
-0.0906864791599777,1.5729159124043557
-0.8479012584761425,0.1744529868135931
-0.8387906126093005,0.3207316079337418
0.8990779864808469,0.2639435907057837
-0.4056407060983971,0.3373711303296747
-0.4280907281197585,0.46444738989263806
-0.325212703249832,0.8640206982529264
-0.7045811889138922,0.0005050981457493513
0.4904160223277254,0.00012879981796346405
-0.6976963830589968,0.004921218411679379
-0.1501624693573151,-0.4976833673716428
0.8893311191272251,0.0038240657692048263
-0.3799115784706119,0.8741891455767492
0.6300190684921554,0.7002912318884207
-0.956381755845805,0.24640359910945567
0.4909446279605161,7.490161926499815e-05
-0.5969262107138851,0.043472862612086154
0.4863831712499507,0.0028229497942454658
-0.9080627086417564,0.008216247201424698
0.8323352865398175,0.49147360900287934
-0.6917803345947806,0.10964859853290973
0.160985265818947,0.020848391683128107
0.6478060011371733,0.49892610523241177
-0.8650293106207438,0.4611637354368574
0.9131550993215388,-0.026770651830708037
0.903203944440413,-0.298126307862471
0.1635807342002198,1.1110066638994857e-07
0.885452530211855,0.42444463593250836
0.2948843017352891,1.798905864649287e-07
-0.0339995563365846,-0.2615937765051259
-0.4746937798081023,-0.14327401646288468
0.5519292729837484,0.03847135773914581
-0.6793611004120073,0.03646771920559095
-0.4808600704394259,0.9265075309790145
0.8808744752507303,0.0520406618771827
-0.8046140054668018,1.796748281638176
-0.7085198699264441,0.355438798319646
-0.320785430257404,0.4023778474009416
0.5136229357216355,0.02235028328990349
0.7410802906356917,-0.12851714000391234
0.1987622737047456,0.10274787234736628
0.6652640702951873,0.10000775438246973
-0.9623128807631112,0.02756751983883075
0.4416984498543412,0.06319813660406452
0.3977468430615389,2.595803344424555e-09
0.8614152823728798,0.4235239879331374
-0.8641192745797421,0.1372132426048
0.4602534804531273,0.019087542432053857
-0.986735347725709,0.055155380443328766
-0.9366775624947256,0.00933981930589233
-0.4886154785916397,0.978210342025321
-0.1985789433224993,-0.6171599300411854
-0.0086442485216584,-0.34693317347726643
0.1632796423449625,4.108182835344081e-09
-0.3168041013939791,0.4848325219361128
0.3559852506125374,0.25333822896587377
0.419047611966487,0.001659204383999034
0.9784380319716182,-0.20547358704090535
0.7572323652160762,0.5240142075176517
-0.693975958746758,0.00041749325491322216
0.4338462819452193,0.07714302925935074
0.2484673227194638,1.2362064340615892e-11
-0.903473059690568,0.002867805836150163
-0.8295559586294328,0.7770796243203211
-0.3563159459470404,0.8920810812875795
0.0073464840636296,0.008608942653885364
0.3118294683560834,0.5926274268476414
0.1016844562656351,0.11252476353024203
0.433780439971928,1.1846060071948992e-05
0.4813548250913315,0.00023298319496010072
0.5405252775849054,0.2588163946616434
-0.7708979418532895,0.07327007730512973
-0.9988208909829328,0.010295595401100484
0.4450927626617547,9.385895420431067e-10
0.0112963576672993,0.4273000086056323
0.0827032161256233,0.0019238873121051898
0.77794430091284,0.06794216708726963
-0.4384783892813171,1.0214752311259807
0.20901213553707,7.180283301598861e-06
-0.3174459417271613,1.555760978432767
-0.1795280229886329,-0.5425776632976764
-0.2863411282597377,-0.0770001380873549
0.6655286434323797,-0.0683468472145688
-0.7323043257172288,0.0009145925631727093
0.4320784966533442,0.04100824444777763
-0.1720905456373946,-0.11711272414563423
-0.7536265218245621,0.01332413136890359
-0.2745651621098628,1.5564618766741174
-0.792194837670668,0.0020172097699158167
-0.5553048250735766,0.3736065897447018
-0.073164014954542,0.03508472077808966
0.9592033432455508,0.11226861686549598
0.1025012932308027,8.506747888774615e-09
0.8558868897279832,0.21564312113839568
0.2443544402552073,0.11880586185504703
0.5422969845359771,0.36561708961521144
-3.261757703354462e-05,0.315794332832581
0.7537899263288055,0.04111540023213933
-0.7519045709582353,0.16896656212823719
-0.9344923864371272,0.007826509554462464
-0.7107581285728437,0.929103318295655
0.0642676442792269,0.0065424024176314296
-0.2887717716500204,-0.26178831698389066
0.2124274761018798,0.03965490096696326
-0.5151645816984194,0.797483497630565
-0.1046111868565551,0.8184282626900323
0.5409522013474948,0.19050443196061137
0.3892053516418905,0.09389378033877636
0.3957118002318238,0.00016720162885507127
-0.7465715583882611,0.7144075454255935
-0.6930865822222989,0.09413137163302311
0.4578707257028771,0.12834447892531275
0.148081802793776,0.00610091904489492
0.3009097494646,0.017503649414954053
-0.5732112336002186,0.41908915781564104
0.0237360586131685,0.00047021042409579254
0.9653869781759312,0.2608525872295112
0.9646746622176748,0.6269365700726124
0.3826698436253695,0.01849724878441124
0.9279089025738084,0.18375218523723025
0.87317223665674,-0.19584306243862482
0.5760557990448925,0.1694862196845952
0.6649979467444269,0.10310920116827092
-0.2570621440862859,1.5612814472785252
0.5540468366648035,0.16846412511526454
-0.855893990765217,7.244438195551396e-07
0.3068670921267107,4.125250669141961e-05
0.0656104067094325,0.08548510773602191
-0.7934711601952389,0.39882204279066896
0.9298821282870198,-0.2438737354217495
-0.9889295851729568,0.027625812584514794
0.6751904547826528,-0.16225514690231208
-0.922348804926955,0.5754352922711735
-0.2063388914782005,0.887964445810983
-0.7040456200532006,0.47511913834868746
-0.1065989555616275,0.11923167434272228
0.4873259867074426,0.034665250908451316
-0.923682536475392,0.3598898015176642
0.0104350387492098,9.786616939688567e-05
-0.7673294883315087,0.006101022858900546
-0.2258006872962941,-0.44609531770855365
0.3372951243170072,0.06165182138342101
-0.596710051212962,0.8104603437985824
-0.2137325558927834,-1.0955070980713453
-0.8105166159013109,0.43930031523427243
-0.7094373524145996,0.027521387172561376
0.7997888130494821,0.2511315579779535
-0.0426614383390917,0.8531016868554806
-0.5675240416603358,0.03535757784176568
-0.7004423353314728,0.11135196301575012
0.4632455061093214,0.015040664406109999
0.02816248200404,0.1617227567977563
-0.1830103104983462,0.9100071879556939
0.5598042100014557,0.37018120211216754
-0.4009120873368974,-0.056046573683916134
0.9596824497371172,0.7403728595372807
-0.0649187540968274,0.4748630885561359
0.8444766430570882,0.2986582213207568
-0.281369044789894,0.3905218081836785
-0.5246029482898884,0.011305933986156933
-0.5072218729970155,0.05511852334843225
0.6507363513742599,0.4921482701229281
-0.1919686671899252,0.39475297106231527
0.1005710238255572,5.022899973435761e-08
-0.3700523056264864,0.7491174441448636
0.0256190505225599,4.840822787750083e-07
-0.2881510222066186,1.0954023460528437
0.0384389270382932,0.005124676474123354
-0.1491099600124044,0.04416224855280104
0.6133293937611997,-0.0323671424262921
0.9764115884245724,-0.12366743241425243
0.0645467027814139,0.012868211658816985
-0.3819418296613792,0.1087807166127154
0.981315722771525,0.06081755136206768
-0.0260164841312635,-0.4010370325843469
0.7350571615377706,0.11614619716476429
0.6710913309240842,-0.21214184444485928
-0.3410403433529239,0.33700415102705533
-0.5053640636260881,0.15467038086873214
-0.4850690314677779,0.6522739761881982
0.4903601949377649,0.007380684852619673
0.9735172331491636,0.023169298573939817
0.3261742407086663,0.007453840659302704
0.9049704341014232,0.09182362983522876
0.450174108539819,5.711841000730077e-05
-0.9184958008319576,1.4205326422634472
0.1785628929653702,0.1449135378619346
0.02067306901456,2.965273189870497e-08
-0.5459734098094531,0.12757618508081361
-0.964082481873508,0.10135553145192146
-0.6430757213482079,0.05652912134186806
-0.009707782213145,0.0678665819428203
-0.7915567462741973,0.03309339544840504
0.1055750586306072,0.04068030822427392
-0.3516493242204039,0.10962069773421931
0.5998075127044831,0.13566945586030654
-0.5548886552630792,0.046250623372346665
-0.0848858675332084,-0.28902621272247225
0.9139453842925584,0.7435796304276643
-0.4871226564146236,0.8457780663654502
-0.3646278729088024,-0.1127529197235988
-0.6164540890347123,0.0041686367636518
0.9690608105252676,0.6241411469085623
-0.9754442356782664,0.1401896337494427
0.3192410997708628,0.008270417847651866
0.4332617927073843,5.612478635913923e-13
0.6056969534319729,0.4872425470398435
0.6821477825615496,0.39843213263822486
0.6145360444441792,0.4381503404444881
-0.5345887446020767,0.20420301448941558
0.8132540731338156,-0.18580410482395254
-0.3446985030088036,0.534531148138599
-0.6942164329807563,0.9464741829951291
-0.6119946982369993,0.4062035823632241
0.0176208046625858,8.431873597528103e-05
-0.258590765628564,0.5128258747427861
-0.4423455743485167,1.5194601696500132
-0.4792972076566435,0.9758695839968567
0.0173798461121574,0.04737756337467367
-0.1284710995961435,1.1458502539303836
0.5728086734995765,-0.04774521651175567
-0.613593070436784,0.20156464844374736
-0.9776251089538148,0.0021691862230276806
0.7701709997412545,0.470242969982099
0.2124775065342981,0.322058124872113
0.4711791319896878,6.969254211011891e-07
-0.4440995415981315,-0.42202238877924986
-0.4116867366433856,0.276131339148217
-0.6237587610810764,0.06152123771376053
-0.1425973297742351,0.4461595201249198
0.8658677184152173,0.5114704894230642
-0.6609025935332575,0.001030986211919727
0.738476049436184,-0.2019005770448029
0.864897018530528,0.22221373706842656
0.4713440517549656,0.04115414372293417
-0.2596431262200358,0.060004022917718836
0.938276218260392,-0.04816779651531308
0.3664592658894885,0.03193970396921637
-0.7623588861828525,0.40862577317104704
0.4688547937631546,1.3217941736313106e-08
-0.8969122939751015,0.01412496363400451
-0.9235710468094236,0.00813994106654762
-0.6953818275704897,0.019586549243250966
0.7488243941390718,0.44853749454168346
0.1394836419293135,0.23653665472885402
-0.0214312016562223,-0.07470944908433486
-0.8982961696877778,0.002985004472137919
-0.1981189907042164,-0.08594753136997746
0.0298432872210585,0.0003452626170925493
-0.3148980655469782,0.5210624414751384
-0.2262561446369519,0.6944044570090045
0.1722199043778371,0.04909235483161774
-0.3192256829660991,0.2773829832182922
0.7485534651349257,0.49774649886028366
-0.6195726882779968,0.21518120205161861
-0.6547394064779357,0.8316866809033073
0.0685343976778538,0.05672459475911016
0.5261414975959138,0.36404285480680587
0.2328224997115107,0.022409007919882862
0.0801071907815245,0.0029786549527744477
-0.8486716549508919,0.5168823657620105
0.2290994584968002,0.011255925781696817
0.6834170759250797,0.06620894922242568
-0.0116212438516742,0.22394672797470117
0.3118102949587815,0.19245992717302526
0.3554437427092338,0.018184226985690093
-0.9750733693002857,0.9311791067734019
-0.4460916266997417,1.2499797597784597
0.7187549585195467,0.5442539123748178
-0.5734137598013727,0.01482580724431355
0.5677021403440354,-0.2989690730779396
-0.4137656911768224,0.48930175790069885
0.7939522092509437,-0.44293273227843516
-0.2703338490938285,0.5692817331985588
-0.7383031467658105,0.2494761284616293
0.8727810530075937,-0.28037314734504376
-0.4014146607543516,-0.4460656525666255
-0.7616579815837694,0.00317439539827935
0.9395432018449208,0.639171501175533
0.0895373522455116,0.0019065339731011918
-0.4821122928749508,0.3229134353450238
0.6007500434291801,-0.03512137102812232
-0.4305655172719118,0.7482420783144839
-0.565361547160049,0.0056542369729374415
0.2160504561226046,0.05092355579322091
0.3621698404541176,0.01771664658683973
0.2528094131034786,0.06058586103375196
-0.4675708379330872,0.6454422868542686
-0.4160691522716351,0.4116371724364294
-0.3742140717659161,0.4746566530291304
0.8464596540863738,0.5128386796342246
-0.0854962111122292,0.4114570884085993
0.8299265556478952,0.17655790974479835
0.1817966080891155,0.024946801789897978
-0.1817503673908793,0.2148314676956118
-0.4863177917201517,-0.1567671563571656
-0.1800649401344221,0.32717467423791863
-0.04286216990743,-0.5632280874690141
-0.6090448794276784,0.6386033827448505
-0.1381337364150292,0.8616815037772969
-0.7949021966453667,0.0898846119373013
-0.8893306931133513,0.03911884728374025
-0.785501147342538,0.05623055492376523
-0.0347044363401294,0.7998945995096933
0.941055337237106,0.08036296397334682
-0.8117365868277069,0.0028006973192614922
0.2766071141864985,0.0004650953894838476
-0.5666848535500402,0.22266502533217647
-0.756225276507452,0.1308668511329756
0.8465464422021434,0.11869636968580177
0.9616424739289364,0.1982315809192981
0.2662575947900472,0.0005078894535483689
-0.7299318059561157,0.0520763892060873
0.8249367036724278,0.39483956935479864
0.7891267032042095,0.37450977296176496
0.0327982159630972,0.010502155813374579
0.6589992591652203,0.4951728425987926
-0.693319924508575,0.29320146745905845
-0.5927374793690374,0.06261102188601446
0.9126577024629574,-0.19053350308816736
0.4730130804924046,4.2317552028779196e-05
0.760443643895172,0.223459458865631
0.3246693660215429,0.013144929881869497
0.2774862082572586,0.22607937262370054
0.1371462427207681,0.20547798175252283
-0.8693699138727977,0.018169568855435556
-0.5120218049151388,0.6048662731359475
-0.8996267601397272,0.13442536367985564
-0.0677873563312154,0.30213979268050856
0.1757976454779912,0.003429825301869852
0.0337585884507136,0.19372435938461094
-0.0473025063726153,0.9019594139918055
0.4125735058973327,0.007589836182055085
-0.4656837111862701,0.9496121187531574
0.6743559230375744,0.35598961925924066
-0.4218887899645636,0.5489187727782037
-0.124697338451271,-0.3131829266157768
0.967161890741632,0.38260010320433213
-0.9315273339728336,0.025967369518163145
0.8108057234758852,0.36377754109589666
0.565807883733298,0.1809680948966689
0.9533139876822274,0.22305790405901502
-0.0538697314650045,0.4597517027271979
-0.9444457213739316,0.00660741627972013
-0.5382905404849949,0.9212135767259271
-0.7236539279387189,0.17629262623789793
0.0828080341498715,1.1764452706822617e-05
-0.3965597854105829,0.26835010223464206
-0.7239173272080268,0.6388327644673747
-0.9434519956217008,1.3979816096692765
0.0831095558848411,0.18585235943705264
0.2576679271422464,1.888558389356475e-06
0.1170435535443761,0.004224691052387922
-0.8127550431872279,0.7063096734897638
-0.1566442214707755,0.9835557089885558
-0.4802832779578325,0.9651867079613596
0.5493672161653289,0.4990813665717378
-0.1130032463543642,0.194255146187022
-0.2523606891805448,-0.05015957913672692
0.1814980238618142,0.016890481299883697
-0.6250577104455755,0.0009204081760351569
0.6356611148029665,-0.11497208200603104
0.4039193939379539,0.0035043684808243954
-0.9778748913513412,0.10758169480220617
0.7115191902414206,-0.0959326690835956
-0.3028919047650102,-0.06317021253199745
0.3475550167801196,0.02182671820821972
-0.3757413273596848,1.4016386602025614
-0.7954651372460939,0.10415869368894828
0.6830726776582621,0.4066832988123428
0.220538108898749,0.0599079184980642
-0.1548281562496158,-0.4373933111529404
0.7010105671382694,0.21492198461712594
0.8352433135516311,0.9496961427969901
0.5791675509355525,-0.10214255978558912
-0.5103461581506168,0.015199725966615524
0.8527420803729024,0.36364534698975787
-0.1370417989397496,-0.5381642713656141
0.5376019804602576,0.282956378840611
0.8404213760287109,0.3522089375575253
-0.6674837117445016,5.5545184831024215e-05
0.0113002779157207,0.002444381240618718
-0.6284518555239842,0.21125084425157353
0.4594008907653029,0.0042872908708262115
-0.6815009409215269,0.03920954067370222
-0.8135313641719288,0.5263787207733136
-0.0411904994322736,0.47381666459554894
-0.1827850608342967,1.2554916846572792
0.9677723804759352,-0.29744048500968184
0.6061547182928804,0.0884260109254827
-0.9634224801271812,0.7647627671666628
-0.8728538335747422,0.25743990522690097
-0.3699112935951858,0.3219106082310165
0.8175234337192134,0.2584833278436107
0.8905660033343965,0.681680008153692
0.9538127778448362,0.10869652566850292
-0.5314241754909401,0.006663351199073793
0.3869743934613991,0.001458781044771731
0.8502800055717916,0.21927222351043854
-0.9044446472256188,0.17613816285674397
-0.5005652729596286,0.046335496356279725
0.0475600179490187,0.3163486425415531
-0.386446998283791,1.5426366371066909
0.8615162039596604,0.3798491163473808
0.5060779429967743,0.8796351892398244
0.6950496294035435,-0.006796239854150066
0.6629215106025732,0.5682418992112438
-0.8253451649632808,0.03260021520932764
0.028600083227215,0.03282250712507342
-0.0603294764439987,1.224075218527679
0.5548359812070227,0.1848645677815438
-0.5795553255446189,0.14428087565597772
0.1408610416925459,0.2346791128698517
-0.7640812463844815,0.5346468072428241
0.6142471786456585,-0.10356070244438492
-0.1409508134639194,1.3265828419160335
0.7190858559073854,0.0844687650946816
-0.0022463109971009,0.6522665374638636
-0.1141403662782165,-0.8780175803222647
-0.2802847260329348,-0.8066023379728064
-0.0853532979964859,0.9607687177207334
-0.8720613685693044,0.027479331552988435
-0.5762613539990498,0.0024350552483325618
0.1905605208505467,0.00040923262758705805
-0.9377782418281484,0.02608168952527052
-0.5800945233738981,0.036415674495933636
0.3134692811653414,0.002348314264893165
-0.0511867703487349,0.7160480151941246
-0.8599409635603774,0.02814632703811429
-0.1090269187411359,-0.06861965822999111
-0.6391010766401091,0.07270209816829618
0.931129744805932,0.47823670730316237
-0.2693000572438053,1.3526922981491427
-0.2611076813113342,0.05667302643802008
0.6734912132146826,0.49082831498653295
-0.2425220246867134,1.173549612623628
-0.5765965848027677,0.10300120093327762
-0.2142526922902381,-0.5045114764314618
0.9136173697240836,-0.12588381180540986
0.7096283905140066,-0.288725985455058
0.318472839024192,0.0003267821235069765
0.7566764975636857,0.5447267185710182
0.7159799761538357,0.32191545271309746
0.6327763261336801,0.6481043460379061
0.9781893255704605,0.18207062959699835
0.0383657459771766,0.045962556424551715
0.0185786637947171,0.10468030328315817
-0.7221661137149571,0.18890864309156796
-0.5059434686137922,0.5396847876454766
-0.7974912997102757,0.6979248883656928
0.702462588253195,-0.1180204261597424
0.6960084948318408,0.309622324785201
-0.5030806538114256,0.0014123534614995932
-0.4221333473345974,1.8283959924184678
-0.263806617163925,1.6389595476560204
0.2777129378159273,0.7289072835502296
-0.457258888371894,-0.027231490453234863
0.9440188833535388,0.0027784208641403185
0.9603864470139288,0.1293678314354892
0.7186826133304143,0.14324875817816557
0.0128909068683793,0.031623551796747126
-0.3135502626031192,-0.33534366111944874
0.8387215475160057,0.5008369363953405
-0.0292698142636673,-0.05456696900263669
-0.9145694265028036,0.1796786879299019
-0.9557726401601352,0.001819196382756283
-0.5297786080786211,0.008296283360018334
-0.729845100873235,0.20956681265193028
-0.4112655592857304,-0.4784024750218476
0.524179146206023,0.7692757991808621
0.2975678293534993,0.0013386845180285052
0.3016345314616506,0.011443525715041878
0.8903612147830289,0.9446545516338238
0.2983358345233511,0.05805302964760575
-0.8384120194739304,0.03862940786678301
0.8299942076922446,0.11179309142422708
-0.1077870299628824,0.6038018692258529
-0.501844101012477,0.02144903905158792
-0.6393868402681497,0.3931123053084867
-0.662877543446297,0.19196650177618466
-0.166071905389662,0.6654733321442292
-0.7747033887251062,0.3019471526498086
-0.4154458556444373,0.20467864900458047
-0.9295517919913594,0.39764077119749763
0.1067629713889428,0.006229700153718152
0.7964436690437853,0.07761912285024584
0.7835744115754741,0.5016152302958219
-0.7116653171769192,0.00023027412614196668
-0.3808269458101658,0.012013718733441148
0.9810846591344986,0.3678287547284719
-0.9009045545515586,0.08581980447967008
-0.39299908858013,1.1958866525776664
-0.5322636739702551,0.015577173972685925
0.9160793002527658,0.4908086101392857
0.8853351508276752,0.2744501087622658
-0.321325191904108,0.7925329779487217
0.4590307462688019,0.030726767260782363
0.7678824514199398,-0.10703836617290108
0.5898257404426774,0.10372244327115457
-0.2061081837029879,1.0757226622635827
-0.5010964284430848,0.08240183008015445
-0.962125717817618,4.0136321231856324e-05
0.0116767484219804,0.02173334415686074
-0.3305943852088533,-0.15613054713637248
-0.8633480171463901,0.0009333585722688131
0.5872915646183516,-0.003968510751196752
-0.0848322821361891,0.8734273128611516
0.3085682734027417,0.0449775805699436
0.666660670447909,0.21592337021161492
0.8421013835149134,-0.13209719015981986
-0.918678945087868,0.4945087542253178
0.7503775809556277,0.027915418762935906
-0.3490254235961811,-0.4006835130025474
0.6593023470005155,0.09851250939282481
-0.2346896377909817,-0.3068347234688558
0.7454443695507313,0.020370863749056473
-0.9577746946419456,1.8482849212529764
0.4175174374406929,0.00032752750822222216
-0.0933598450454926,0.22683145871513152
0.7347633024398559,0.4315332687183738
0.5630319600281264,-0.016303114264353935
-0.516775462443976,0.6755058044604048
-0.6056141020710779,0.0008402224178489352
0.0804195103704461,0.0018391183447906002
-0.7034592458202946,0.1426064308161695
0.4576232132125899,0.009028252023726785
-0.6406296617952345,0.11242549270692434
0.1469496149099021,0.22062796764078227
-0.4517183350255704,0.4209671594874431
0.9463449183206198,0.18941170853085268
0.4724616322689887,0.0014403318663113063
-0.8887275236217151,1.2359172129144322
0.7923863679635494,0.47006837842599664
-0.2108531741056669,0.5390851227789145
-0.9978122110008,0.040262795911212276
-0.5194197054249678,0.014844326276628883
-0.2382207083725589,0.9275886885639508
-0.0042439356791652,0.8084497177444738
0.6429292913399471,0.39878408153981104
0.1220206849769733,0.026432334058680222
-0.3417262311216842,1.5562636375115553
-0.4835626857541806,0.022499838452734955
0.146498686920081,0.0005016665514251882
0.2128816335608268,2.16669813323086e-09
-0.0517887827744185,0.8763891992830504
0.8159794017945814,0.3022647370051718
-0.674434436577769,0.19278780669560538
-0.8349655595884502,0.3835327270831003
0.1765506820900635,0.2401597361713905
0.1167153701808809,0.0014773099593599886
-0.0225483799722152,1.2651076463098438
-0.7423296244505289,0.429620235231352
0.0113067818054066,0.011764787214086324
0.6818151940933146,0.14035192901650922
0.4511027147546498,0.06245827185164502
-0.4415217943719196,-0.05972511902758404
-0.8574830797064381,0.005459008349448443
0.7611709373293378,0.5770932248881803
0.120266521980338,7.763312181649047e-06
-0.6561828207260025,0.1476639521299462
-0.7096238784403432,0.677875799562839
0.9405367351136404,0.6147594490728037
-0.2969459058200698,0.4766548444106006
0.3931579504429083,1.4203559851840512e-05
0.7109537287831813,0.27581869932847913
0.8647307273078506,0.2165454642916323
0.9967404922392242,-0.0739786801350073
-0.0630761153025978,-0.4750806946726696
0.3074494770127327,0.08978194324578712
0.7903429285146577,0.19153664029210915
0.7215828662227339,0.6501285321296226
0.939515878272327,0.026391808051915183
0.1354842432289322,2.7962445683314824e-06
0.2915408800628292,0.05433375778888219
-0.5182597325906861,0.30730661848793644
0.4175244005787346,0.25714307649521145
0.1058465044991059,0.0032048890536803174
-0.5479666062847934,0.04101599005869311
-0.3512908575136335,0.6497753371061261
0.825413811517572,0.22875655472480994
0.4241318256295479,0.1081889360532269
0.142454763015041,0.5134255339600103
0.8593860684159114,0.25924175256480697
0.2441664074679983,0.0033749950964782035
0.2096045897839977,0.08925841306219741
-0.8850978932307207,0.0963711035915621
-0.0791401272126264,0.22315395709444447
-0.7966799207581332,0.0034751012292890517
0.853544312549207,0.4142498724502687
0.418962471101435,0.0008496785239362725
-0.5581759561403412,0.3094220307735821
-0.8869564400466863,8.092860769731251e-05
0.2006331903676255,0.02086987706125548
-0.808528944650639,0.07806385096885124
0.8619985175188423,0.3457456169418136
-0.3697897640117069,-0.9839322565946791
0.5706314732387376,0.5342412987293037
-0.8032637590901985,0.14419437738960167
0.9483687259725128,-0.17265223988804496
0.5511607117541168,-0.5471234979898376
-0.1116908747385982,-0.2529690681480364
-0.1035261315685502,1.5428354986770247
-0.0938435313746628,-0.07766874276170138
0.5997189812318033,0.3604879412191217
0.7635658991487191,-0.10083584090302561
0.798414174206193,-0.04440749759780943
-0.1758684807686581,-0.35281001423046715
0.1329776850691435,0.16628765272720777
-0.517703575757092,0.3954749104076966
0.9275261952585993,-0.6453003020301027
0.7812286240185369,-0.28336293816906805
0.7851972678941486,-0.268534899978363
-0.6342280112221461,0.007637096869507697
0.453929829298979,0.00019073251405456095
-0.8104716869980506,0.18096771174565018
-0.0795521000728083,1.3067908306459206
-0.5909984355511744,0.1628175770550073
0.9551485035997422,0.043193197781647374
-0.9582555583491272,0.9360383584869147
0.5375587205477292,-0.16295787330552852
-0.571075790635291,0.046808156087180045
-0.4847220810270491,0.8046706591273327
0.7079925578521908,0.39422380262727796
0.6413553200942985,0.2898835227216001
0.1218805503514428,0.0004190426027767255
0.4432781538615478,2.74830660513011e-06
-0.9727448578777058,0.2521875925206979
-0.9857298210695548,0.6316192588338758
0.9847941819465438,0.10327757266806664
0.3242647092172706,0.0019061180223486044
0.510160697959964,0.259025592716117
0.1984183325535249,0.001915884681178796
-0.2753393316802011,-0.08579993477685921
-0.2641453229753108,0.17144459620531388
-0.2513663295613593,0.6642252646092296
-0.8346216232628145,1.6122370423553125
0.6334532097807963,0.4830645843931628
-0.2963593956204051,0.5971933055003122
0.1893254078488577,0.10045731211613594
-0.9118207583788362,0.39571053964464353
0.1055461961505999,0.30431021104513933
-0.3701020109318162,1.223825808254426
0.4922653099414096,0.0035548712180987607
-0.359928686092664,-0.6286331014552724
0.7254581043373229,-0.4225379671774992
0.3039670045526199,0.00021683580814834853
-0.5402828801559818,0.24072336708584924
-0.7631086742709217,0.004530884245434442
0.625509655502374,-0.5492349403801926
0.0901172615474357,0.00030273094488834495
-0.7157481518977824,0.07063129073506541
-0.1110805518921183,0.17929515232902077
0.3130866468213675,0.015799550992636663
-0.4074112182969005,-0.47347445666816085
-0.8424951617122132,0.023840011350007167
0.5859818563950652,0.5347053495725899
0.0913344999610668,0.003910452508500373
0.0200373079377325,0.3259072749035837
-0.7204017186420577,0.034536010847105114
0.7349141513603112,0.2637725168216335
-0.8686537844574433,0.263749607800717
0.2563750698140739,0.12219326735801378
-0.5408425508302135,0.15316863140994363
0.6558911755757901,0.18701337387043993
-0.7199219674253494,0.8179182493050803
0.1336374002497613,0.00016758940358663378
-0.256675342167961,-0.172310580112701
-0.9183637797646288,0.005482584701735251
-0.3618204118254844,0.06572151298036871
0.950478083172276,0.6104173255393812
-0.7550098144053008,0.04370405343315897
-0.0255031356764894,0.767359465325239
0.0062664114555275,0.06340484002580737
0.0166019954716907,0.02089338928065766
-0.1250171104648039,0.33016911337791366
0.0603922144749948,6.946232358882199e-05
-0.7808827186748677,0.5191658111907161
-0.8024189642352904,0.1767119283917873
0.6561035586660928,-0.33485500419068953
0.5951683492480182,0.270856133908477
-0.3429989699407316,0.09859764222191564
0.465203222413094,0.0029218628897746866
0.2387084942907782,0.24501676148933493
-0.0111899398174459,0.34744333244225517
-0.27860992016901,-0.3244667850457809
-0.5368729396682186,0.006465909492499518
-0.6381334299301646,0.03092194863909207
0.2580693629438277,0.11403738329941766
-0.6182039602035019,0.07882989742536108
0.0743607259348713,0.0018072040657876047
-0.0840756697427891,0.748987114733777
0.8639236103563737,0.5728565296153527
-0.4591752573104593,0.5873171642617638
0.5404891191679659,0.3483683055566408
-0.1191900438460447,-0.14237882986286327
-0.3832534765723892,-0.30140044469560295
0.1151473110281864,0.002867366985728694
-0.7954231164526107,0.18168796979355353
-0.3942479992684471,1.2911787529198118
0.2352723549072457,0.12775578693472323
0.6750932529835654,0.3988969495285346
0.5099404602360915,-0.037958975634404646
0.9491723913554806,-0.1409439467839967
0.1351131272025589,0.0014828713787057568
-0.225621823577524,0.07701258125636423
-0.5084124607633063,0.05960614238779057
0.6466785547979483,-0.025519554475848638
-0.8005930638678489,0.7540112740543706
0.3742936566363073,0.012190751193212258
0.3533889065673621,0.05372543388878077
0.8616715633051022,-0.6391608704055816
-0.6230674435228036,0.15591734191902556
-0.7552012401013035,0.016876840381377926
-0.5249514720925528,1.7096200312296765
-0.2663370248024714,0.6511953262432209
0.4896560484403707,0.023302265234505078
-0.1166542922082918,0.41077810903923495
0.9814779333145532,0.3444495782245826
-0.5559993474016025,0.030807457113393708
0.927699965495175,0.3828800726284082
-0.4415777466131998,0.4536507106645123
0.3469722786606468,0.10926774545975897
0.1215070349711451,0.001222205876200866
0.2437342665004278,0.10585086276535434
-0.6083298602322347,0.05003331389445394
0.3959842939045843,0.017036687482168075
0.1277538944629548,0.10353373391210254
0.1854687474421492,1.213091097325193e-09
-0.5031781195278704,0.007562702011024467
-0.3823670615937573,0.4410688922511163
0.4361944447990431,0.0033263461738146224
0.756180827120505,0.6610192817850336
0.8746429444665769,-0.22785077445727525
0.1993389457807755,0.3062979175966774
0.0206539734474338,0.003230280921476701
-0.5310582133377548,0.0007790360402594225
-0.4271437553966837,0.3570457790731933
0.8485660534852091,-0.4013768578363673
-0.0205582540852495,-0.08996644552601152
-0.0906875915364424,-0.07213454437519617
0.3379553116593217,0.023942277835549648
0.3116005817379412,0.03083999616384899
-0.6818950694742687,0.026859401225382763
0.054567645021772,0.018940778404172392
0.0922599953203879,0.08317599959967173
-0.8580496299463845,0.009469543998765147
-0.2977775636851871,0.23028739848367366
-0.4634062408474135,0.6571514098860521
0.5712320072896064,0.3901477198188569
0.3958158386246158,1.5921786361994335e-14
0.4313084066571915,0.007342596493545099
-0.7987389103464939,0.846710269335049
0.0961819869678999,0.0002611141096134024
0.2863713513459638,0.11809117023031074
0.0247457862462585,0.3805705074734428
-0.8620515343257866,0.18335914395645297
0.1227262542002831,0.05098433357588223
0.8045017220995134,0.2587167669477407
-0.6657397099695563,0.7093485974132153
-0.0270996276497172,0.12240826018765424
0.4685323222573194,0.3950321611890404
0.8640358312093117,-0.051588176099758964
0.1334393881493885,0.005135663764856788
-0.8685517949964197,0.03310299105971892
-0.6636310431663566,0.2056366109782035
-0.8627346047778686,0.2790004374284107
-0.803262551614095,0.02017463501703843
-0.182061642440924,0.8897493924172784
0.9830923736659998,0.39605562351731616
0.9217045223394122,0.3183022868909955
0.7122633730529293,-0.032899504543180774
0.8980191327559925,0.6754554471441325
-0.2636310735371183,-0.6395861992070415
0.960637619316164,0.2586897181304755
0.2181863325125699,0.036273792233934864
0.95866270843417,0.5003862702064983
0.7212185182043802,0.9126064165220622
0.4743339949024716,0.006143647441082892
-0.5030700115870195,1.0396900135742337
0.5227117584216217,0.03909067467289415
0.1787049549076298,0.017227150895260657
0.9310913040311366,0.28734151709960826
-0.8621439456886393,0.23752869516890843
-0.8619995715753557,0.08856304849255438
0.3811267398540996,0.0020676257385979484
-0.8229103043005324,0.12112304117869878
-0.7297183531995024,0.1549182032258154
-0.7560494637206379,0.7511761279931751
0.2762021400991679,0.00253101944017834
-0.1322928772683869,0.6069895634364786
-0.7113808393556136,0.12014434813471185
-0.1283472960068676,0.8514431663945854
-0.5485618052286143,0.04585009320471514
-0.8333042815885292,0.10830271583761335
0.6350244564277725,0.464885611028392
-0.0251609577845455,0.13301470275287816
0.5378879963924195,0.4540196034177419
-0.7425772070096122,0.7240334704468779
0.1192555765930929,0.08922054222088519
0.3246947510946034,0.15322285887531192
-0.7534802464422787,0.02100721629976766
0.6440145221989997,0.3907603770465389
-0.972736602330064,0.03874138787773694
0.8510858954806788,0.2022291526170325
0.5437247172350332,0.18471978446651005
-0.8094594562693387,0.35208418678631326
-0.5616758690340549,0.010272654019851857
-0.6362366002153006,0.10498953459653523
-0.8441260970895279,0.13524328525790913
-0.0707954926273031,0.6572158962065096
0.7237116817203344,0.3502040391989396
-0.0027904054277545,0.6629299531361948
0.2952206690246284,0.00015505147863608684
0.6089080913706377,0.5397289479540375
0.2048631225520918,0.002256309820251635
-0.545529485093508,0.06327057939673233
0.6358747092068178,0.1389635240123449
-0.2772472148747156,-0.1874748508422695
-0.1351497016931386,0.7260125014968856
-0.7498411852152611,0.07336685263585319
0.5633147547271287,0.16049290199962768
-0.5467977401382416,0.034664792140344895
0.4271753962344284,0.010801918999703257
-0.709244729253186,0.004189057377318414
0.1417931201997837,0.054542533042800684
0.3098056142431631,0.016203461239246902
-0.0660198418280799,-0.5731147411734687
0.367845104588552,0.00011866857429480268
-0.7658109199785554,0.13232506744510902
-0.0457320265669598,-0.12533632051352123
0.7181159788000269,-0.0019102121954082119
0.2665945889663403,0.030715428307732818
-0.6368674319780852,0.002311828956518064
0.8055553920187846,0.056032003053864465
-0.8770603775627435,0.00893152917801148
-0.3034896455859626,1.2839743391670724
-0.363178831424132,0.9772657532060283
-0.2976990836424655,0.16527671344873685
0.69131797300656,0.10408714945735797
0.8358607591544451,0.6429691923402909
0.1099338149175632,0.047899329205619144
0.5879345694033307,0.3708012364324558
0.7758042043823303,-0.05961798977035854
-0.8509664391078231,0.1736950266707153
-0.3560484531533867,-0.2045174066275181
-0.8440639689627683,0.20461833262667373
0.4630907725713595,0.30376351273262847
-0.1504084077622702,0.8384010275580973
-0.1428974441550563,-0.10802915720940276
-0.0642518797676652,0.2061237022279383
-0.2645660603973387,0.4837728575527166
0.8135518224628051,0.25174517571316224
-0.5939664025098026,0.7251818295567269
0.8050162448408238,-0.11096239145915554
0.5936604454369714,0.36637720627650683
0.7494712981422298,0.7596599940613766
-0.3563918393332739,0.6161890473665921
-0.8333493709127646,0.042614774191428215
-0.0976675863047922,-0.9948822341550465
0.3657554103586653,0.05886037120062243
0.734574466785634,-0.05318930469014227
-0.4221070651094663,-0.7793159575112192
0.2451695297875353,0.0030731045390707716
0.1580515332606464,0.21460895964597834
-0.3169732416637736,0.7258899772886063
-0.6936174276131504,1.1428138299512156
-0.4904208747883281,0.562532765629252
-0.2616252625395896,-0.5857898988120824
-0.691496396531528,0.4886980176229934
0.4632324521179303,0.0012988153393196811
-0.909671955898614,0.07556364991644136
0.6903594695828101,0.15425562507189428
0.2096016684071493,0.0027273526702416956
-0.3941700852047687,0.40320774623577027
-0.5711852927284686,0.07286493144043608
0.2181718782992332,0.0006313402932284692
-0.4334447696899446,1.3319613465107087
0.347911447620052,0.0006134342020059747
-0.4099730457475166,-0.6170236898960013
0.8051471032402089,0.24661966254148945
-0.2134464530386162,0.765426326157123
-0.1040767727118903,-0.7879551572226049
0.5084870025929062,0.13581456153142155
-0.5186992284037497,0.04807985400105888
0.0164583079796785,2.671904803795794e-07
-0.4716731595421639,-0.7788861453142988
0.0791466928047135,0.015709344015171062
-0.0564764853855241,1.0331416192399638
-0.3889062752618082,0.5251291840487086
0.8054926119886512,0.10329536117570486
0.8005498406745841,-0.0582112456083127
-0.0259302349000849,0.6717888341363731
0.5433540057643651,-0.0555431649955872
-0.3596638057052432,0.8968147248294016
0.7260991410484732,0.35444787218340873
0.0794262946732724,0.12404862679468912
0.3960159042992595,0.01741836065291917
0.0595526951262768,4.810744101448878e-07
0.5979809033055503,0.28059781475501555
0.1527719138924714,2.8076238568402325e-05
0.9938648953633638,-0.20846594196450746
-0.9101545346328068,0.007584053731894316
0.621164518968635,-0.10995324686604524
-0.2939118423858469,0.29691202995600885
-0.3873494964127046,-0.7951050246805518
-0.6609550757958633,0.011292165670346507
-0.0800063514725317,0.6462262028469434
0.1435403511265989,2.3446744653921874e-05
0.9910727675125396,0.5112032415070857
-0.5747821932365595,0.06604866736960494
-0.9052824342321004,0.15510231918984344
-0.9803901223454896,1.3151684752465496
0.0832196989465634,0.0032977490230891612
0.2934864552953018,0.0072265016511750746
-0.1628935838246161,-0.676231977845144
-0.6536060322497106,0.11700083222400984
-0.7680865009334426,0.042043635159369756
-0.0632924165175459,0.8544294708823945
-0.6603260900132084,0.6217012674247849
-0.8492791894812357,0.01587949381878845
-0.297528718752442,-0.06276991959378975
0.1625649987711872,0.004289678876759852
0.3466811702326389,0.19335890400153932
0.8466060110505531,0.4137846951055757
-0.1152474652579267,0.5889497778773379
0.1317540959139187,0.166327075871905
-0.3964388903178795,0.8579135958475428
-0.900994211265028,0.5873454847008779
-0.0490630628382322,0.04956395108023459
0.9226859500942002,0.11954419511957286
0.4342047705445848,0.1124404189610933
0.3234317886119966,0.0025638891693031975
-0.0927595367078399,-0.12240234364330516
0.2426457849715968,0.03679124696618878
-0.2796076556691271,-0.06879331866976585
-0.5759860042357701,0.682212263801335
0.8085690731565713,-0.4882697235206232
0.6300831779869662,0.28967991034391566
-0.0271024197117415,0.34272913857042286
0.6282248391802965,-0.05138075467516917
-0.1446229636619702,-0.8998449166330511
0.0176088370465745,0.05324166274158862
0.2036659197080521,0.05633023581639532
-0.999974310564706,0.2509163386290301
0.8593020428162661,0.4243862519940309
0.8953041521586229,0.2979237972501478
-0.299900676453104,0.810143721605468
-0.5970930019700265,0.5230349630791343
-0.3981125004669505,0.05374821440876987
-0.6291124163671331,0.025457889056195036
0.1138823877647681,0.005966074561056598
0.3146727317015152,0.004045067022399921
0.9006469667178367,0.36109348933006824
-0.672741528033723,0.010115623082277364
0.2369471902377111,0.1691802209411881
-0.6590112683196241,0.017939577804095302
0.0329053112571011,0.0006906161792625334
0.2557949332708624,0.05329091596107831
-0.2253034847840296,0.20849375889530264
-0.8598400022349919,0.01280280819789566
0.7477209690634605,0.056710130060151104
-0.3258172787138043,-1.1879977333955485
-0.4145255601407458,0.4303597627764675
0.5031321112579648,0.4432063312016025
-0.9196342898249588,0.9447367122495692
-0.1048086982350389,0.10304899688930402
-0.0119398526750755,0.3579939161587033
-0.9054048709135438,0.12960193398495834
-0.2850879634100627,0.7140546224774692
0.4135239144272562,0.00020219629307470814
-0.6906929299360778,0.10435817955705923
-0.7391758903195444,0.0323673284891957
0.5663192274448785,-0.37317595000234965
-0.6734628462970622,0.7204301588965355
0.700589257221464,-0.10439054777674794
0.6840195077642077,0.2871659205000032
-0.9272134915154842,0.17092005653410638
0.6180269713392943,0.1685885925301348
0.5999406439031851,0.32072603690807633
0.5037550515419795,0.08979486794018404
-0.3952435994361987,0.2158771101864558
-0.7530490087232293,0.28126609735957786
0.6417464234589862,-0.18560513014915814
-0.2141392520333433,0.02205006597911996
-0.0405697963553475,0.43681199467995874
0.2321480724563178,0.0013310966594896618
-0.1039272774947284,0.303034401692915
0.7855924074288085,0.5378906819598694
-0.7748983859101575,0.19015863416218953
-0.0597219037927629,1.5928361057991065
0.8007360321352093,-0.26484993896411474
0.6067826900799027,0.11136339473307154
0.1743530865652491,0.006453905290735221
0.0123178593966846,0.0546871190088593
0.201237534501846,0.066339569236525
0.5121400772261975,0.44026748544004457
0.3916517003770337,0.0001782428070338891
-0.2740842126160747,0.7962064614589025
0.7429563789831346,0.0022987707465585427
0.1251526943318222,0.08392894044313703
-0.3587720533385468,0.19153532035518894
-0.4943403957312087,1.4286386962958426
-0.7082528990826287,0.4334724414198441
-0.5715138350967379,1.030394702873441
0.5907435885169008,-0.24606935056789347
0.1567897751145288,0.10362982046040249
0.6344153815819389,0.11224394409429844
0.1817088965258959,0.15776429765719704
-0.6564232145204085,0.03618844739831998
0.7121797142136885,-0.07724525295755036
-0.2848137408138846,0.587588235459903
0.5504447704571789,0.07715005163109151
0.4760835990673817,0.00013219452080503774
-0.3934588072560196,0.6678918836885084
-0.5275087519173913,0.0012574122839515572
-0.9817934284117666,0.017681903512245228
-0.5980086130193247,0.3001087382155774
-0.5768978467609418,0.031775713505488336
0.984527901723142,0.2523552709251173
-0.5650255786551341,1.1997018288916137
-0.1022848474980699,0.33767564617866697
0.3217714231797237,2.1006018514451845e-05
-0.857800320943261,0.014209839439561821
0.132881891682443,0.004065085696128072
0.0396140858273685,0.1976605942124188
-0.0279306687445426,-0.31395819381610673
-0.0033670910920313,1.0757983215626121
-0.4709505081361718,1.3829073065935775
-0.8153087945404955,0.05896900433080316
0.7557313818836808,0.04505274438331114
0.5652660943414001,0.41509755460340336
0.9137136573049996,0.3114619253658073
-0.3271348408831516,0.7225057606192721
-0.3051307750952639,-0.7166037009990696
0.6280482862786583,-0.04263808598898752
-0.1404010909844841,-0.12763690236912356
0.4720740610075533,0.0009711080634379699
-0.562025547198092,0.0853274904975794
0.1980339086339155,0.00011409840687823984
0.3473607110990897,0.04902730125131989
-0.3684975918095108,0.1337450795832342
-0.8807149485567727,0.34402522533866325
-0.504825125803154,0.035648574321218325
-0.6472873004430124,0.004328176561595155
0.7519326425578807,-0.23421763093021924
0.8205887002525698,-0.3243116625290478
-0.4005544732063517,0.4317074261261363
0.2322325337301531,1.367515895299072e-12
0.6161924938846546,-0.18363898818469043
0.7279053540090292,0.4249229988928036
0.2835205182704059,0.0631711013915502
0.1108968033076494,0.0012817219412104613
-0.6215562112736222,0.06519521714546773
-0.6579783405362636,1.2135346627237702
-0.6334330885507278,0.12085206328197894
-0.8365822463844859,0.16228643359671432
0.4455504380736026,0.2870227296001499
-0.7694814046293343,0.38247377117498643
-0.6931477543550135,0.0022539325425957
-0.1413433458589414,0.7703086370264047
0.2263792000937532,0.030379279992723218
-0.9954086058724458,0.030392377674711892
0.5213618154019277,0.5164319576409212
-0.1600900679249606,0.4613340082511679
-0.1931516916977607,1.0124858577330778
0.3029641711004835,0.0032747478013755824
-0.047287654735965,0.36742483556604466
0.3743976692301809,0.040978442095405646
-0.4019386152224984,0.7389222726058493
0.3057678976362301,0.4372098272559908
0.0588370211130451,0.050335495218333776
0.6267617482925654,0.323320849801619
-0.5564549986844216,0.18348748044628765
0.7934807652564466,-0.02302253921746991
0.3268278233429678,0.0004355567024206965
0.1124006975746259,5.994637252694229e-06
0.7716095421000888,0.7068605010522384
0.0075277936092232,0.034718759576682155
-0.3368208810382815,1.2723796295714387
-0.5627516654136133,0.07913168171515585
-0.571469014946747,0.5083306987261519
-0.7053679974825018,0.020822766518322103
0.2703121171342624,5.120510010173199e-05
0.3358826981312575,1.5823284124653936e-16
0.3361361483488547,0.06191728951974014
-0.918147523832302,0.08507140120479892
0.8487747328528614,-0.1229177253594601
-0.6172052766545468,0.09422920363599878
0.6680706367484617,0.6946938233286395
-0.8745557131130475,0.0008430002377498002
-0.2479515051059695,0.334049100516225
0.0994873044896411,0.03158470312436074
0.4262893322952756,0.16077880217834725
0.9578764574939282,0.15473028427407076
0.1159978262095158,0.007902209625436142
-0.6270794258400887,0.03919177869546864
-0.5381567848757896,0.7559079118792197
0.4580556099521933,0.1131424411542614
0.3932564580894029,0.32117493835581296
-0.493590276057007,0.46992747197624235
-0.7512897657244488,0.19092703151438686
0.9121067929540356,-0.25861822721535355
0.8968635949174009,-0.11264435480468632
0.9145054432844416,-0.1566545605502671
-0.7713449853110637,0.18917393474089758
0.053363664682509,3.441568268919349e-05
-0.9587960372598504,0.0006205629326232094
-0.8679789572497678,0.005568486615425852
-0.5693750317562447,0.00022192610324829457
0.5708321374986636,0.37198482143108497
-0.157835538154341,0.9784816121017428
0.5416982733683706,0.1421454430290874
0.8538999245086087,0.48306752323837915
-0.0009077124588727,0.3040407340601412
0.9603584064149044,0.4421316714719774
0.3843404428789008,0.19381357514968653
-0.7767914026626586,0.014561254382423389
-0.4498164397640287,1.1442242516381849
0.9245483212384822,0.5868227990987426
0.9697633604687664,0.2449359535572613
-0.8870123559152985,0.061225314729547134
-0.5092265213648111,0.3741599144774293
-0.2390805993999256,0.8400225749261447
0.2447800427636204,0.1730741352073992
0.505530546474013,0.1394895515567401
-0.8804961929587882,0.11579684774507593
0.1448907834942006,0.03174902265655268
-0.7786666438664414,0.2702473737069769
-0.2692334946382808,0.0232703168512553
0.4004830396220922,0.00010307466407658135
0.2572217682146944,0.03703065598614443
0.1278883023223151,0.0006749754389868823
-0.4113475864490505,0.161670968459417
-0.8070028124712181,0.12298544658945879
-0.7963135547410525,0.5697418733946501
0.7932864757290881,0.07081289498755797
-0.903431206930804,0.46407246309219685
-0.8146893178146553,0.5163984704344632
-0.4731611709789118,1.2768916811638502
0.9591531509854724,0.0891323526523044
0.8949935181688426,0.5390193351724518
-0.7960390429071138,0.5696280055427513
0.271572259158193,0.3842357424613034
0.1434084149913277,0.0004317851021168651
0.1909007407282701,1.30055150457978e-05
-0.5766245571224384,0.41211718772349804
-0.6508399599852217,0.059503263862143115
0.0100999060623494,3.552679904542834e-05
-0.1875506178299495,-0.5343085620288415
0.1280494165887806,0.00011321758416047356
0.0874180952125929,0.09074397749068373
0.0025395374434484,0.07549870514980861
-0.1062752751243161,-0.6110567366048159
-0.7320089421315703,0.594426968257101
-0.2935733177108213,-0.14847520130703984
0.7643163010466583,-0.6440654194103141
0.0139289779943772,0.00035334833960805513
-0.0300660076234058,1.452607221422696
0.9180457447310209,0.47375598444018246
-0.157726652759349,0.34383745317784165
0.104306660025077,0.007180703512613435
-0.2058122161963109,1.672099928462425
-0.4695256440635282,0.303842851791058
-0.2228666175608196,1.446649430952289
-0.7147213319048289,0.04192991151981242
-0.1785593000782723,0.7415751412195183
-0.4559724562063227,-0.31256338572334
-0.4018987718453386,-0.846353978277103
-0.3014317215508599,-0.3397594663211709
0.9769640811632418,0.112468290205495
0.1487537956933093,0.14511239708659193
0.9745740804547682,0.8530354964101667
0.1783134208453221,0.0035486532729424843
0.6395480278488355,0.040992700727775055
-0.301982714470028,0.34455485042472545
-0.8126983544727275,1.773344788443492
-0.5120057361880594,0.25394526256632927
-0.9887348094756678,0.0020902080863472714
0.2809669043576097,0.03742546569875632
-0.987163029403276,0.08264275530775288
0.865803769333358,0.36794140334329806
-0.5884685193788137,0.2624911898631687
0.6829798854212856,0.05959255912422379
-0.9281378006844676,0.9043669584817555
0.0119642470753065,3.553395760699711e-05
0.3842495370650312,3.231790518130164e-05
0.6063182263925411,0.7886902455587794
0.870938042266802,-0.0658222900739529
-0.5814715063396212,1.8658966863655604
0.6580240462965028,0.5219783445017101
-0.6746338816986281,0.1881863411080504
-0.6140880063308034,0.5404530231641337
-0.0101295897602982,-0.36800968308657683
0.7843943523489441,0.09411832035903639
0.9984134034793796,-0.27457826893131193
-0.7917460367200375,0.03217947868456762
0.5170978863972939,-0.11192423075585756
-0.9839950348917184,0.011014907180426147
-0.5368836912431192,0.025090601008863924
0.4489286968995489,0.010472474882540482
0.1247797953520781,0.00537458559599724
-0.223009248236647,-0.1801505255502352
0.6384944053496793,-0.078921442127735
0.2295228150525567,2.444165991770089e-06
-0.5101005719662102,0.003992597525920848
0.6949254735083819,0.22648533132582405
-0.5309567291532749,0.1681436750753763
0.0814831371441098,0.25315062090801427
0.2436584046283434,0.008165528619540867
0.1163968136220785,1.0778016587468435e-06
0.1154163878191283,0.11573050149036984
-0.2509863486479069,-0.2500961867132974
-0.4777359711625017,1.6607355670752333
-0.8356344354673428,0.14223231161135214
0.8407527097470657,0.2989707222358309
-0.0117875713482218,0.13856140368619277
-0.8456011021327265,0.8364097771254005
-0.4715491464077914,0.7150329338588757
0.6645854308464771,0.357560833329404
-0.4721422168558933,0.21223879834501921
0.2278398947987197,0.0005218486775408779
0.9536478750415084,-0.3568150289884156
-0.174837922097113,0.5553647900514178
0.3471264020204301,0.0033759284957307584
0.4047728619537607,0.0005119693748447947
-0.6183332412319942,0.2720370450176935
-0.1379446655387117,0.9517847074512991
0.5538949652053995,-0.18154522107616344
0.990992176350413,0.4010695006767627
0.1122916643527633,0.017987199360017993
-0.8846970785574471,0.018294771632079827
-0.6717607747778076,0.2981352994070991
