0.5606094373002373,5.122303902842605
0.9769966516824892,5.116531553300154
-0.4484943298112465,3.3451412073086333
0.3818995135514174,0.8774730772884844
0.1697673998305557,0.8342396886560303
-0.5727857702776207,0.9633561777074414
-0.4730775631125112,3.188132909351462
-0.1595089115524341,3.455588283657419
-0.3162602875945421,2.5862928693117286
0.6429913820721487,5.213323086299461
0.3551809372600483,0.950498593344754
-0.2547256718327162,2.7842440264430937
0.3976595027259151,0.4704868072696641
0.2147946547503969,0.7169461349407608
0.5580680268515426,4.941939592849954
0.6235739523613961,5.1625394579529225
0.4376243325431226,1.2966307816473632
-0.8458365946121407,0.8000267684939922
-0.0707656145686339,3.4034338920607596
0.2435324901345945,1.793627111171159
0.713159659569182,4.965742859735081
0.875192318666512,4.926148944314587
-0.5734567315665928,0.7734955067708501
0.2901355157895318,0.7440275963683185
0.8253329343049634,4.893808875904448
0.525264210100979,4.959251001242562
0.0801717510483908,1.3533345562853225
-0.5521812040750418,0.5556332872237945
0.5217732561154478,5.234934328279037
0.7589730168405795,4.964324547766165
0.9514344753527956,5.006401459589437
-0.1603367131929685,2.459499661407254
0.212083343230427,1.6510331834911702
0.1329150113377362,1.3615927090947721
-0.4847961188673582,2.7196411468157144
0.2043740187649196,1.5754191048928572
0.6417416346494247,4.68783632738244
0.4139953833004293,0.5460511339362116
0.9679142442608488,5.16460783244362
-0.9793000125144768,0.7078281552103451
-0.8115847313908151,0.6928490661430902
0.908192113506253,5.2990719373571675
0.3161567500091782,1.1531202067241226
-0.5664756102718851,0.6010543134230438
0.4904040913306042,2.873743512100614
-0.1636164093290257,2.758229150665735
0.654724006818848,5.082630985362195
0.13842190886831,2.415342777809509
-0.8894324471558432,1.8011430144817413
0.0585431502032369,1.3325246737793153
-0.6478295752867151,0.16033817887699994
-0.732776745754208,0.8487288030077561
-0.2418361688861137,2.913290377289031
0.7659560880652259,4.910657708663087
-0.0069193355034866,2.7901260405870563
0.4833668293872015,0.6668716780994236
-0.5548783218751834,0.9065482773511943
0.0557908164046843,0.5655252675823981
0.1188546255449258,1.4196179042206918
-0.4843673575624725,2.650797144472512
-0.7202148874596173,0.09637082867430664
-0.8466727643291252,0.827213157953242
-0.6208502193607635,1.801629483797167
0.1943895432778375,1.1262201688659126
-0.9860720646183144,0.8785103330194096
-0.6051266010819949,1.884664474648191
0.5809495780885736,5.185656491685702
0.1562449190246955,1.9349001604803333
0.2773789013784253,1.1023386463959093
0.6188753485477871,4.684486312681017
-0.7925163270425921,0.215197229019723
0.6128674531533602,4.75087821951662
0.0753517366915272,0.3950193794507496
-0.3032382981722323,3.540724209670331
-0.1721529307555607,3.165361507165948
0.5884428195850959,4.767399416166171
-0.4190812831314954,2.85266150513529
0.6130865529982685,4.736124725544028
0.126179607490507,0.9426836475476765
-0.0540658277287604,3.0419991190441835
-0.1166221575694919,2.8709369205472837
0.623154947476634,5.18678623714744
0.4508381617845058,1.6157813980790772
-0.9572698766656752,2.3081659621268913
-0.5625749997614728,2.0167340285957875
0.8554234143618473,4.953767921466706
-0.340358542855631,3.4684480270501235
0.2284422784235178,0.9656870469165241
-0.0894300358479491,3.5842048048249064
-0.7777791741805145,0.8678798531167189
-0.4985214680982459,3.5078595509670603
0.5964854414677407,4.831882008405333
0.3970704659403075,0.2671757874492917
0.3863096634943685,1.0246633476702383
0.5966845762081252,5.096104455263789
0.5437339200952953,4.624346543601799
-0.5106033622925334,0.7284437412882122
-0.8484793801248112,0.9507222569684397
-0.0689329974161783,3.192681372434045
-0.8265050655118473,0.30744579571466546
-0.2836369370990674,2.843201825589316
-0.874510947396171,0.3733058246031815
-0.1860715642742392,2.9474381752087053
0.1015474709982391,1.3725283698517985
0.5869708332286636,4.728345744015401
0.5115731496179321,5.0461208789759
-0.7350274973615947,1.442516860248407
-0.448097040989007,2.923645302933604
-0.89744826931201,1.5781981807619714
-0.1272060151953162,3.7773347610418275
0.3114649456824863,1.1629820303077303
-0.7232913245047274,0.8719658029962983
0.6171771762669123,4.997819587726594
0.3300068991105109,0.85438184068357
-0.2931667450352242,3.0153766906534005
-0.1969273218817122,2.843004044359771
-0.910106129170861,0.6913154460283162
0.9948388354128328,4.9245980255558095
-0.4553361990318678,2.982284608288071
0.1774970685867292,1.1100837503788956
-0.8422195907108938,1.2827686555851068
-0.1840040879679216,2.994844946799527
0.6642949602871842,5.043812862348741
0.6065756521359811,4.979009705656673
-0.4773068866691241,3.3872738469442574
0.0119109273870763,0.9444577980262451
0.3512895526473047,0.9270957851874214
-0.309397922501921,3.3900646887314165
-0.4656180695815675,3.076971090637703
0.8010795798651367,4.98237330495168
0.7528478944834831,5.339846165318307
0.5729363931062623,5.353994270189153
0.6565024045882297,5.57058577128883
-0.5964689701446284,1.2097648272440744
0.6208741314748383,4.956027324298805
0.574300643721483,4.838686358256905
-0.697396892326507,1.0141956712108067
-0.6368246539961029,0.6266388324413421
-0.133316197257995,3.3408063342832985
0.2903480996760736,0.8488230121568154
0.4945394121668696,1.0139904146287255
0.5226651833403482,5.119437524122683
-0.8541886788981095,1.9248358023545142
0.3248482307120786,1.3692667850440532
-0.4540546759421957,2.7639574699373624
0.0101391783811892,1.6287831275946727
0.6359204848374864,5.201215537113743
-0.3446646866943201,3.1192153208656035
0.2386729583431082,0.6705189048944364
0.955748358655357,5.178915872612842
-0.3176057487400836,3.1722523760773926
-0.7045799751628186,1.3471582266785083
0.3597622702899312,0.4636587102135597
0.446553078446205,0.4704142080647457
-0.8227351318478584,0.08839474444852634
0.3538970144748261,0.9444630205223055
0.0076211769917746,0.7206762271000002
-0.361256954432565,3.0768162628473283
-0.765225062467815,0.8999861103543516
0.0190005433525748,0.9710387985151349
0.2641506962825199,0.7102771131762248
0.9336597319141686,5.1443320916475415
-0.4722131838033376,3.457823349720305
0.6424141718193366,4.852541619299382
-0.5418415837268433,0.2980574415030609
0.1105711689445951,1.222138333932918
-0.2536758513698065,3.2830080290006025
0.962409484264928,4.918447375898352
0.7208000419538931,4.949821030653756
-0.3917621271404441,2.4697751393796246
0.8001835122527363,5.055502119635529
0.3728546505919683,0.8298121352485045
-0.9892011094500976,0.9811583411068999
-0.0752257791647341,2.515809001203169
-0.9534523553333576,0.6922871046069896
-0.7653926378693923,0.7603310827071041
-0.2069685189665771,2.7405960861168284
0.6024646806728182,5.261804146838726
0.3558239117242039,1.1711664869659255
-0.7267124588804761,0.06211687265344844
0.9895121103872704,5.037558349471143
0.4571265169787561,1.7756285653019606
-0.1031474576476019,3.201174078675387
-0.1789273964996269,2.820154754677534
0.6968952076016457,4.913247333934243
-0.9092417483673072,1.621641150276833
0.9139685172369348,5.011063498889832
0.5877842629727745,5.1301412941936695
0.8689130183417393,5.032402893264294
-0.9074206765386464,1.887191872232592
-0.3750259114644936,3.1108354304904857
-0.8959982629501306,0.20193699112401195
0.4457753942740481,0.3415429078454059
0.4977152781200484,1.2049714607971334
-0.950905442987554,2.7419948059898185
0.5299416994063526,4.882274963718736
0.3511571377871896,0.4863111529223458
-0.8123895709457822,0.321965193211825
0.7541935118268017,4.88622609491112
0.309957218109532,0.9413571932589286
0.9335355975965391,5.054197393252074
-0.9212723706329692,1.2168786188984233
0.1669171631479455,1.5709259888239484
-0.7248738291068328,1.6495169457374368
0.3169038153886421,1.910547329935246
0.0448252498775767,1.5327553513804753
-0.2901086492009588,2.9328961703021275
0.3121936619732506,1.4288116745852857
-0.6067552675763896,0.9659206540316512
0.6096415224484091,4.918734949616021
-0.7288291309162054,0.6296423518709217
-0.6153815929984181,0.7166261475997184
-0.8441065625410826,0.9492072840294002
0.5808478403573754,5.362321096890969
0.629119994478579,4.908980088478486
0.7661338050085964,4.914459698914763
-0.9559186083303042,0.8684514579529217
0.4099208764460575,1.0079833153611075
0.2617086313263705,0.1777885341221962
0.4685033408262737,0.47814635754609147
-0.2080545816957315,2.758042593553877
-0.9026510248155488,1.1323395526250382
0.2310313610540999,2.6938949925744433
0.1300615687146347,1.4805500495167865
0.734352801100238,4.687250364511291
-0.7284972196225725,0.1696600426780956
0.0207846458752214,0.9126932571124303
0.1321503804302308,0.8427221560245018
0.8970704507517571,4.972098897980262
-0.6718339535857212,0.8099110130192827
0.4784452809951061,0.8458254736156448
0.8994702540655342,4.912112442760488
0.0149987341382284,1.3476184724200735
-0.4253886369808966,3.386024018823158
0.1441251083898906,1.618561844606032
-0.0388258797702094,2.8347605870604937
-0.8838843917969534,1.8269121868841214
-0.7487597546785321,0.5583380693008151
0.333209900321217,0.78062879382447
-0.2035088104560709,3.1573482316719033
0.9545860271200776,5.181918112126535
-0.8673013774910419,2.247180333946472
0.5464562780408984,4.741275628987661
0.5012497093747563,5.009963185694485
0.4365285578676958,0.8653504486724477
-0.9084415619820728,2.661481998652619
-0.5923546503257824,0.2745999199278297
-0.3180762234659744,2.7172392625956867
-0.5716906734402232,1.328575709381043
0.5309559513326418,5.200167373895282
0.0720968168983673,0.6992435153824645
-0.9965315156474804,0.05183171692686525
0.335396905580986,0.6483386355335975
-0.0511738639956804,2.699549330266937
0.3563422197756476,1.7056651808777543
-0.6852296538417626,0.30758653270246655
0.5388608038680822,4.859874248045613
0.3990225941457765,0.6472177131733406
0.5794820247689294,5.447200101389019
0.4086127490139897,1.7669088293060315
0.4108293506068805,0.23085743904889156
0.0022591884857205,0.3519189669223443
0.9082308937573592,4.925522124153884
0.374235904275658,1.477697600579463
0.7332566420252113,4.866904844576572
0.6921354184396045,5.114136455610745
-0.1241790446262285,2.870113955626394
0.4500640883963409,1.0497684516197265
-0.0037414489103444,2.2768955541317197
-0.7221457795054276,0.2154576347418139
-0.0308840963727048,3.122634492859225
-0.966117896689518,0.4842512119189521
0.9305834489053632,4.838216145831229
-0.7465730238903059,0.6695787244284386
-0.2492364699007423,3.1194051390344106
-0.5415032066061383,0.35479896934168137
-0.5240790873651477,0.3245686394444962
-0.9668959951051368,0.6618866618035063
-0.9287376781677296,0.4240246515741677
-0.4268548362357949,2.4396229545895896
0.7794839290837796,5.002970469745374
-0.6416348799868943,1.4679050479944828
-0.8724410884023532,1.15314686461354
-0.2038935688408718,3.0990357748623687
0.7880509455142215,4.5807373368889355
-0.7051034257287305,0.2209467493309395
0.9637592386047168,4.728312386037744
-0.7630171098883041,1.4264830544057618
0.8623404834534263,4.8232474857637175
0.6759060021684615,5.2798943888827505
-0.7322036782531589,0.7372043145816587
0.922175619745147,5.54371019865941
-0.3041030780917853,3.6181961257959783
-0.2019253738148123,2.9648694654025354
-0.0827550606100944,3.0829661304110068
-0.0771472998979625,2.9662864587720468
-0.744288313701335,0.9295066637782226
-0.7738499606570559,2.0319043789341937
-0.8791259475132105,0.6609356672171115
0.9073890406372812,4.919067730771381
-0.4039182389198514,3.341106896436662
0.9675633665373646,5.209433811010707
0.6928410704391044,5.506832977394341
0.5377746475222607,4.816156446379289
-0.2103792518723664,3.673436595734775
-0.9268912763741473,0.9344576722930658
-0.5843688418610813,2.00018130062479
0.5468162232476355,4.807141649624277
0.8542491753089787,4.8946797192339035
-0.6215228930454031,0.1220611573758626
0.9517737430556672,5.203496705081171
-0.8077513832738763,1.2319419920082597
-0.9855406962277816,0.933396158617363
0.4749030029655521,0.47105542833196806
-0.3787098883671695,2.687222860748136
-0.1684919462739664,3.4065409744275374
-0.5573241152420432,0.9653262281331532
-0.7029923751717984,2.175903855431695
-0.8234097450037245,1.3549432088321305
-0.1986543002966527,2.9085333567514624
-0.4799083495778993,2.475869077199518
-0.1963359400434887,2.8933277011084324
0.4809971413373421,1.336003352815341
0.5891639812424063,4.754157432997872
-0.7284587077353806,0.38585771122781737
-0.361413202750136,3.0530700821419328
0.953347548060646,5.255111303181098
-0.4373243577879446,3.177028761300325
-0.1984672015672541,2.7866179335290036
0.3609284081242851,0.33657263655318237
-0.7711227704025763,2.5773796437897167
0.9330215300699596,5.012255672744744
-0.5207172176500636,0.3091037797183802
-0.0335872865365742,2.8922736396131152
-0.2345372861083188,2.736402609884723
0.1196568702285041,1.258940158281948
-0.0162634773545609,2.493871672735576
0.2973907517080716,1.1647079143648635
-0.8335743229291579,0.2660963039672656
-0.4458924139509708,3.5018675064365725
-0.5190526584397357,0.4292300077021468
0.5766845568827226,5.178123097027035
-0.5191636618343101,0.27720441416459984
-0.0523146781075891,2.783688476761605
-0.3984440541358334,2.3813294369912894
0.8266064882220174,4.928663955259878
-0.4522865498020503,3.253166666965266
0.2185918539715412,0.8534799339165545
-0.9650855423259426,1.6244409981277406
-0.2165590127715149,2.474491116087456
-0.1069437617803594,3.145594350497524
-0.9490075931876534,0.4480910765372402
0.9414745784571306,4.9430977303380885
0.852517772853908,4.808006677204912
-0.6593782999652809,1.7242685675327372
0.7005216331982695,5.033701697873252
-0.6190853800263638,0.7042815618521525
0.1407333745213521,1.1841863467696367
-0.7724628083650014,0.39895895210966065
-0.129246774933128,1.998481167195719
-0.3353802101784482,3.137509849911387
0.4405251644786481,1.23800928594272
0.7567857794829702,5.026516893124891
-0.1901843598729449,2.8820505353489443
0.0491174508716969,1.237624120447589
0.6374395110212274,4.618831526222295
-0.5012270612462422,0.4005858347274278
0.7934807204046876,5.053122670604657
-0.4832146131838259,2.641502934905202
-0.1527497567554483,2.994880566958905
0.5085928318380508,5.051603272850951
-0.4408074430582094,3.087001048154065
-0.7515562166562231,0.42859727280839255
-0.8053884851219917,0.4201227820998421
-0.9970342172318108,0.9015264587787901
0.6830272943208684,4.768716062191699
0.7557018560961666,4.854375659726083
-0.0429721587019773,3.053127976625801
0.9802232472663048,5.036185894106394
0.6498276944627599,5.106367455472103
0.4007624248198835,1.3096465273606184
-0.960905735449948,1.9995743192891495
0.6372978104571008,5.2240339563471725
-0.9310383281077907,0.84294813442079
-0.962019788221958,0.31623774708550983
0.3172535140153751,1.8119022737014194
-0.9162527245065536,2.2114315333517496
-0.1578861302290251,3.11744755421947
0.6114709812063015,4.923893057355677
-0.6543185322466862,0.7908640754937267
0.5254989448319267,5.247384065860863
-0.966769076131034,0.35448288354161983
0.3791348920104949,2.664365130105529
-0.8043968541079445,0.8110477381964228
-0.3478283759239922,3.450278507032899
0.6272862965340016,4.989512926975427
0.468442013971162,1.1769929627754054
-0.648003079254815,0.17129410805535447
0.4436475056714992,1.3932668044567031
-0.0318185773649457,2.829530198245777
-0.4412668793205085,2.8431766717556295
-0.9229065024828268,0.3761465699731511
0.2574526977808911,1.2688064565919197
0.0429757655536959,0.7385261045010445
0.4723653092258872,1.312385131930975
0.0350801968837044,0.34799206620852163
0.5680973375862479,5.342550754534441
0.929140766056501,5.097249779261863
0.7047936158560753,5.045179046080998
-0.6177257662281888,0.7541240829887751
-0.1719442309321122,2.8513533480044093
-0.29207980348973,3.1823190757695037
0.6318481648158114,4.971996028011603
0.1286916957034807,1.336527616178613
-0.2352423851996232,2.926503184235988
-0.378676917057851,3.1194537546461603
0.0803329843494218,0.688633990369257
-0.7122070916186181,0.7201651099328276
0.9568684062819393,4.894427735660303
0.8967866818083667,4.885067252595782
0.8531439813290007,4.698349193956122
-0.2766154586791118,3.0296424191776032
-0.7018272026890915,0.2529144936334532
-0.1231792917295659,2.7650981463408977
-0.938361846584779,0.7773926546257391
-0.1652328512460876,2.906527808158027
-0.1891898723881671,2.9028484060654103
-0.9301767712432694,0.8296999992882833
0.1117646871608211,1.0539920634905107
0.2719459659275187,0.22287060492905345
0.7452488213242856,4.605595851521269
0.0462589889227438,0.8981430743635265
0.5606669151422043,5.06466815910973
-0.3346717275772355,2.6083864297622137
-0.6846483186606387,1.1803225311047674
-0.4583514345547956,3.4685007507210117
0.4314046524776751,2.0586090303310134
0.3295428343046185,0.7060917370367817
0.2277934420410878,1.127498110970439
-0.8189446211227867,0.7937721653594536
0.6921183508346347,5.132394896922256
0.9589416809066282,4.872531774664544
0.7804618643438446,4.962833426370663
-0.0394152680892161,2.6123465906844623
0.449957935480322,0.36173009124311606
0.1974678061282466,0.5042941979492772
0.5976147064875743,5.251145883742643
0.3046707372598289,1.5312582913373225
0.7875562081352177,4.767375188201046
-0.3949101141274449,2.7641554748215613
0.5515243363089379,4.988200736805328
0.7065851317313059,4.860473196812053
0.1770684787509779,1.2830586444514254
0.7342890314786452,5.054839441982149
-0.6949894741032185,0.8417911594965659
-0.1089796206305977,2.9341879919963247
-0.1674409160176388,2.820616945635148
-0.6827050607820151,1.5951413626784814
-0.9478512321917076,1.1098274560877528
-0.8924735879890953,1.1271202797979483
-0.2802595648938177,3.6262406479766827
0.809739566563725,5.070420860942175
0.8606629516185615,4.932049481521946
-0.115632947173591,2.432676307348987
-0.4544148668033581,2.630735489140415
-0.6745746979689515,1.3176123755776998
0.8391383474639647,5.0720212465044066
0.0194943566468828,0.41251892068258583
0.6913817172917387,5.539934711772535
-0.3819151720311013,2.746410452260545
0.9581136233600244,5.077532160570105
0.3590296242604902,1.8930361460774738
0.4177559685536289,0.25284660992315927
-0.3554656547355224,2.928358284598717
0.4354621407017953,1.063564041198246
-0.8109188437917041,1.4917984047870494
-0.9114636828389712,0.3894021977707679
-0.2139217664103054,3.2536179777736516
-0.4911474988323416,4.1174673719709
-0.5339693536007097,1.9127395093172872
-0.8098270324636585,1.0103723126911532
0.1391298990386231,1.4165098390240278
0.8923528077196659,5.28714059866302
-0.3447331446684665,2.774353246467109
-0.2312319564909224,2.8206635542481733
-0.0383988091999414,3.0107558703618533
-0.6677576266242555,1.6330385443699769
0.8580646795998563,4.694168233781278
0.3129630301864792,0.7194228927276851
-0.5806876094118163,0.13043393375629728
-0.3414154078839768,2.6603438580567804
0.7836464600873172,5.385957665455931
0.7572981036959092,4.973416351668943
-0.4184653613031361,3.2153670731531863
-0.1011056695571019,3.010078525962792
-0.9657223857905656,0.032278970948629714
-0.6300134563197906,0.9238103407345698
0.8539986808394098,4.9606927667672975
-0.4865931443823199,3.5717309546870153
0.8000739009176236,4.733772414835921
0.3759915255252837,1.1086925734236066
0.6015324652338685,5.3679954892039135
-0.80828208195371,0.7944119133160739
0.8184378416359921,5.227669599652478
0.8118213614886605,4.959883977343417
0.5724599468691272,5.0990236021740465
0.0306070547134487,0.8153674133761644
0.0572031702486679,0.28940228108621935
-0.7433188085861175,1.0301001107445384
0.1661570940795935,0.80726081099168
0.8807537773364977,5.258074697741445
-0.8981587051353284,0.18160665646906554
-0.6713412885322296,0.41405728701785477
-0.547935643618739,0.9624697609048607
-0.9718619638716112,0.374146950366466
-0.107724232001942,2.568351941315791
0.3720728178524528,1.5091035434575462
-0.9991068457396292,0.4097633481376384
0.4582517243600617,2.4887539737756987
-0.6882273185965602,2.6036615544630943
-0.8075476118177378,0.441378898354407
0.5111801093404731,4.743121630541711
0.9407029122793696,5.390951810374884
-0.6062077750974797,0.1965442393306844
-0.0982222502661291,3.6054536473294037
0.1961601776214077,0.8861855577897381
0.5999219238270477,5.208080889783354
0.9461733380902422,5.339444566098211
-0.8133924871152709,0.21407522719996724
-0.8127907908180629,0.8699275396176367
0.3693350893023026,0.37013443547901437
0.06584155340614,1.9501758462428427
0.5115223104375131,5.159854588614568
0.3919107142644875,1.256439334886849
-0.6992458257847403,2.485295192868723
0.855991390617687,5.04019351704307
-0.7110374332530456,1.1844398299040324
0.2809743418660197,0.5802155658167865
-0.630300616737244,0.3372275452751905
0.203964679125632,0.8855241792755609
-0.5004046511852802,1.9279064154777115
-0.6487349123323685,0.7793370468763093
0.7422644279909705,5.0862057433573815
0.8092050102232176,4.747914296879103
-0.340016202271677,3.7353288787608525
0.721864132816288,4.586225262288433
-0.4422545763940368,3.0736509915687966
-0.8502180779065234,0.21470045364581966
-0.4550484322781676,2.821281170979083
0.2417655977584034,2.087176749348908
-0.8305414906461734,0.1515025653327034
-0.6597466369855698,1.442105663176987
-0.2194610506439436,3.5711048196119703
-0.2745971653195216,3.2042947020974877
-0.0621365845682801,2.906616681154649
0.3729120948872706,1.4226097674212774
0.6234638777967094,5.011777595969338
0.1832754824960885,1.2864960917748367
-0.4326400061956439,3.518111839192918
-0.5045523195583563,0.03417205208752483
-0.8052210956841197,0.6095568562614407
0.1257061142186679,1.5136026111628769
-0.0109893727887864,2.637044596413793
0.8749809053565341,5.023451787356753
-0.4848746038970071,3.749609351563392
-0.7402179617477749,0.9861963359428108
0.5493401079904139,5.311882751691702
-0.5687680489505231,0.717756524082868
-0.3729495210764997,2.752843570126551
-0.2609031160614401,3.4945879979788095
-0.4435746994015721,3.0981532239140672
-0.6067022346882096,0.7929922775830148
-2.4806258607235065e-05,3.4939199954040636
0.1328369326380822,0.6543578132135751
-0.3385537488625934,3.0414384381182047
0.7410411396381487,4.561590294744789
0.2204752139020849,0.4776245361624155
0.2539425685302174,1.2719374850295897
0.6947426959414391,4.908034903451527
0.6163319086490584,5.123179383218964
0.3718038944201511,1.680318184843722
-0.6286191486851471,0.4769019094378574
0.0270730110833898,1.1817638579645735
-0.2622639107878028,3.0276914389104896
-0.9444275565981832,0.5593658994856704
-0.3241386207643157,2.927076884028848
0.9339674428350722,4.980504021465128
0.3559250533172398,1.0488218345118092
-0.3119619938968707,3.3229528868040914
-0.1464514872099767,3.10688173600834
0.8055302345073223,4.930026875395774
0.457818365113267,0.7205888141406133
-0.7133783118326467,0.47402900728309044
0.2779912819897225,0.580617371236291
-0.6234335090619245,3.2990556377800986
-0.1661719031277981,2.5900841334079807
-0.2560258899654077,3.3913538707876834
0.729476299660518,5.128886035102569
-0.4730367457117572,3.6234839558929623
-0.0774303293406357,3.880904854343102
-0.0306984255747149,2.6252754576688293
-0.5896159109387462,1.805531729593238
0.8047931844378122,4.812977228607826
0.6351548030957239,4.95857425294854
0.9754031909326648,4.810143445265618
0.4127098763343526,1.1106442121743698
-0.2123001062451948,3.1684421476625193
0.5889633179223821,4.951840587868015
-0.8068443299110697,0.5747630690228146
-0.182001226233782,3.256341391166515
0.1105440997194158,1.079035192020096
-0.997622576248936,0.5013768936652939
0.2034906988749822,1.5527837919685945
0.303856399998716,0.336619932007699
-0.7404583965377542,1.4569732318150732
-0.573013100018352,1.1458675894304657
-0.5330727478796469,2.0954574032582167
0.2464666677320031,0.34493083802773034
0.3584352059851758,0.9120604161486597
0.8319874938215817,5.203779358748784
0.620491342056241,5.04739943582275
-0.8980712497630428,0.41872105508956226
-0.8739274340074037,1.1941146738149464
0.802769749302995,4.963727011396711
0.2648487232868504,0.9189369569933273
0.7818911976177056,5.2601372349795295
0.4616004006770438,0.7621672835700852
-0.6168447942511703,0.32514699569024874
0.6242659440862253,5.001725103344055
-0.6353446262703812,2.0242608925790413
-0.0425003281095059,2.947807867115271
-0.8831640558250504,0.9374310775811334
-0.435466814271523,3.015483031285905
-0.6618362407214811,1.7211182312891502
-0.5878615920253416,0.643391226236194
0.5862303387278469,5.01056871636499
-0.4084923778581275,2.666698700374059
0.237204363931865,0.38442115358315443
0.467346899510048,1.4722917637149107
-0.4234389669682254,2.7058784682133026
0.2109843654714218,0.6047276512443414
-0.3265369963644029,3.243986717121074
-0.980704102631058,1.1883137292508137
-0.0026070201895058,2.8220099951979956
-0.3159967717189138,2.8028025758727853
-0.6530873523377287,0.7077783247874381
0.2818752281437318,0.7447120204843037
0.4245577581336999,1.1397251184585575
-0.3394869704729883,3.1362897249364043
0.4160600088461796,1.0487363603096602
0.669106579332349,5.259124597646269
0.5776496681102692,4.774661124836809
-0.0487095314363441,3.228509117504525
0.0243907976174628,0.8823831684125202
0.66839136490609,4.991693414676743
0.1578182097884093,1.2593911781401501
0.2627850368182178,0.8363348598703969
0.0028940185054888,1.4799594891943317
-0.0617509769013271,2.9428065197935234
-0.0383852909062942,3.58119580285121
-0.4155344268847345,3.109720182658057
0.0290041548057964,1.5564108776673145
-0.2209182142115933,2.662063571384163
0.7484732337030635,4.606069484211501
-0.06694307511071,2.879601674494508
0.2224323682297524,1.1897306767906461
0.7015866065716931,4.819597031493183
-0.0350622566597103,2.857588467143238
0.0249615893068864,1.5244136643966502
0.4754370415587114,1.2969515352426604
-0.436614093088606,3.9428522088480507
0.4654663684852478,0.6936963035874968
-0.1009363965586749,2.7086958247971915
0.3065811098951672,0.2925744142244546
0.3661482240572487,0.5529726614012047
0.446367147306854,1.2519486029157334
-0.5624327809770622,2.876111340757767
0.052898000164546,0.745726886458423
-0.2720372200402541,2.955758999507739
-0.3006391632295344,3.1023675317667765
0.619041167515973,4.934923494102606
0.229433712246315,0.6430745491998813
0.1692608393208159,1.635553973423649
-0.2848014036539312,2.629484670756127
0.5829817524548886,4.680749208476913
-0.1954524401700244,2.9578547189442816
-0.290981881723872,3.1060806836023622
-0.5161981742439312,1.7773351005704168
-0.6045023226482031,0.7442037301396192
0.6678164623781155,4.877240409657123
-0.561323138074298,1.4676059031928375
0.978235193605185,5.142363731960174
-0.3197090490600462,3.283505270669072
-0.3627585705495639,2.702373697386153
-0.838296849016519,0.4680693765782703
0.161314577821551,0.8692029578006029
0.832713373369963,5.445564241272146
-0.9401268324151182,1.1135871334846934
-0.4520481960012461,2.6262833769035066
0.98556958126577,5.245059878554296
-0.4113859160415696,3.0190848371114862
0.3458567012488773,1.937351015621821
-0.5666501352053528,1.4536649313272234
0.7964379367273606,5.1626226281150345
-0.8767592458328279,0.9462058527565376
-0.3303261185524615,2.9639881934139827
0.7603333058599544,4.8923563207261305
0.1355544736454039,0.2563549452303407
0.0487944313764636,0.3807992194165103
0.9466285202367216,4.747764903411987
-0.7393516592530365,0.299946898961865
-0.8429008949349646,0.4570456695937709
0.4487598759393105,1.3773671899796796
-0.3370842931173328,2.794261017506011
0.5156987901270504,5.276759680237793
0.8995178000576152,4.897570441175381
0.522340348704204,5.037190247842721
0.6235998416174919,5.0861526736859375
0.0108188567031481,0.7463212912045621
0.4893666126932641,1.1374828613735803
-0.5463869387488323,0.9619836518786244
0.4295915308318461,0.9002782845348809
0.3939628230494272,0.8417431836527214
0.2620382723963919,0.4417670688653774
-0.1607078357016362,3.2927976191998436
-0.4762118228114911,3.435498911329968
-0.692998472394925,0.9791053540114475
0.5402247829190818,4.779013144669133
0.0346403376005408,2.9657410805654068
-0.2212491783254202,2.733623151344081
0.058392706391795,0.5375984175483934
0.3609399367475234,0.41990677241307955
-0.5013419033453825,1.2073683057277227
-0.061377685705493,3.43416750791171
0.8096762687193169,5.458987795193584
-0.5919163764149984,0.214696994061815
-0.4058706524856479,3.111849590403889
-0.2525305935974962,2.638251100850445
0.8130829244722237,5.055195428231026
-0.4568007630143222,2.7880605516622237
0.6343203499155377,5.0554978030643385
-0.1675893875377214,3.1415274130742796
-0.1728039179230089,3.1422599641379474
-0.0505931046295955,3.356933008842046
0.7196978826795388,4.886017184631282
-0.8344523556532739,1.489790814296568
0.033588258056755,0.6373630989340413
-0.6266098113370977,0.3959976198214368
0.126046796449839,1.3632051570346089
-0.4755370832236807,2.810265705830894
-0.2776824320463438,3.240668428915902
-0.0156377254208677,2.5685187100319746
0.591193658734462,5.27724352444591
0.2707793497768902,0.11079505367850392
-0.8105853210397407,0.5209189526640631
0.4764446989776079,1.3673012109056863
0.8622102599008579,4.64408331255277
0.9739906461847596,5.1713365788906955
0.9052052700082972,4.929327485540873
0.7619286416064763,4.984864180442471
-0.7675051402191169,0.4316749351644659
-0.1237932524716738,3.3390616780838185
-0.1346799062320052,3.102718665810729
-0.1301149400944485,2.5009517054163766
0.7742040158722425,5.42885850177048
0.9741222582355268,4.8525369748086336
-0.0678251370578215,3.5810449236619637
0.5275191423761363,5.174481980543534
-0.2709473133397824,2.466622791763462
0.1106932429875846,1.0412810014885001
-0.9245771873504764,0.3456929702399063
0.8206825052252151,5.364944251158194
-0.1283488833353154,3.3269716346751697
-0.1547525679556003,2.676070345835618
0.2266811466488469,0.6330676511818725
-0.8856415496775443,0.642031030066775
-0.3479563244944406,3.069062259957674
0.7472113937056286,4.995690202186337
0.9320556272261752,5.04888792709535
0.7027553038719789,4.917382553994367
-0.9676172073961068,0.5485837478043586
0.8906173749508175,5.037807139238084
-0.9986868193688884,0.420908385449968
-0.7989745137930233,0.44304740938375076
0.5991607010968876,4.86882128164591
0.5482199743671958,5.127717283428263
0.2022887236751682,0.8309696063862811
-0.8808750566780452,0.16728035447520348
-0.6233060863339637,2.225431183071547
0.2225258636501443,0.7542339412048865
-0.9818220237609192,0.2339588461960182
-0.2006922965245401,3.0188222085089436
-0.188090704585653,2.9092729003042197
0.1061959650846009,0.7066085859999455
0.5401866653728091,5.024830902576134
-0.8639967477956243,0.47727591932310237
0.6259342415596358,5.15099370740595
-0.668718385755048,1.4129451914855502
-0.5969925463969765,1.302765213165332
-0.5503630407448266,0.9343301789439117
-0.5452418976701157,0.07745577809462173
-0.9672121918104772,0.8977828776603447
-0.240368354724068,2.8944586665280347
-0.4650065897760667,3.079894131474063
0.9816585755768455,5.028901300393029
0.6208454715532172,4.885181358312774
-0.0576426610381359,3.0857079839953085
0.2992981727743389,0.49797696522676593
0.6501743942032348,4.642847930620464
-0.029389947131269,3.0972078869917765
-0.090323384515873,2.3388277602745315
-0.2579720844489233,2.604483533943571
-0.9094460291064208,1.5819494569583123
-0.6594659721116345,0.48207575116553264
0.5351342004001671,4.969073031423519
-0.0536222916961892,3.0938349969564425
-0.4288326128861233,2.968745642791418
0.6630462373607484,5.065999228017948
-0.3141103415813668,2.976717086626427
-0.4290626500020569,2.736508507734669
-0.3293850987738995,2.7038490674507583
0.9977643011260048,4.594716946553412
-0.481879212543385,2.9671889957240745
0.6125615372229336,5.1786489764819
0.6602961711475277,4.936090845405545
0.9912292701044922,4.964171379489584
0.8130248367010435,4.950461346416315
0.7002325657898547,5.097075402381689
-0.6031474968629564,0.9446710287793263
0.8524335378940138,4.864041473933649
-0.3653258994337633,2.769936559246374
0.2879017080567958,1.5718518046813372
0.1753802436078082,1.1046632326688417
0.5188604924580364,4.815060289015753
-0.3869293644015577,2.992551197450494
-0.8031604342900069,0.512392129254759
0.9096550249590278,5.202462013130817
0.5468175673113016,5.066160758982403
-0.7978120234697645,0.7712689284495106
-0.5250471194309612,2.1060309111157456
-0.8584062243309438,1.8094049146395272
0.769542943040505,4.956762329270736
-0.0756538512281301,3.21678281744871
0.9949179097742552,4.766715434900013
0.9237978130452482,4.879622916063707
0.8722831446205501,4.853313305566737
-0.184803502897489,2.611498145696458
0.4216947555398769,0.6826990922705957
0.4966056190887469,1.0937372416103528
-0.4252504710730906,3.8418975269505307
0.5167201797465797,4.570131232968042
-0.5830313287523261,0.1851190011163193
-0.9384178321698464,0.8657654875935915
-0.3902821562517653,2.911989126766494
0.2831344288787483,0.9584972076966434
0.7348626137564607,5.323904645377531
0.3992344112171082,1.9394178748024193
0.1967476595300854,0.726578722296797
-0.281941592681677,3.1451992978325407
-0.5474964548884453,0.9856449452812346
-0.0846068804847892,3.5658390399962796
0.5610543638035403,5.203208467198664
-0.974450054297888,1.349592859277944
-0.6659265686610036,0.8546352832479817
-0.3918218076866548,3.023719042501202
0.2284263370360775,0.8272768001164469
0.2791936943481456,0.7295475704326484
-0.4569729282336772,2.603509933429452
0.1503582026837913,1.387364357392334
0.4595348284282026,1.1694379656544267
0.8633236052299444,4.89244588421093
0.0564191427244848,1.1956727624690822
-0.533691581162175,0.8193963954002502
-0.7247888967674461,0.7537209816797998
0.3779221729398236,0.512485563311161
0.7416098488475693,4.9381056084307495
-0.3574651678701237,3.056754243359305
-0.0595371223846978,3.062185304159663
0.235381168971513,1.037390665493731
0.7190802483539811,4.955833923358478
0.5315770904338553,5.099087712494448
0.8524260272065531,4.9712581919259184
0.4957330121505614,1.4084212897963104
-0.1315678594089993,3.545035510837292
-0.2691210983173906,3.1355816704593393
0.532189717972074,5.022845411443865
-0.2354656271176745,2.854196023517675
0.238424435032529,1.026346284314255
0.9574996798539428,5.057563444996924
0.762075935173536,5.042698153005058
-0.0196568939291403,3.043870361699267
-0.5386368133670685,1.4329774400755864
0.5035895091291678,5.037406549920493
0.3131942129274452,0.9250365994836323
-0.9463785936036996,1.1359183706155644
0.4489056049600719,0.48685994980833824
-0.5200584972510187,0.9605303371755227
-0.9560588237514228,1.296079442566265
-0.1530954255907313,3.033573075615252
0.9801740772402554,5.101333741273546
0.8575111815732896,4.953699004121074
-0.5985017811628295,0.2488476111227148
-0.6366934376561275,1.1497651592284466
-0.7096586089351338,0.8504348298668717
0.7655697119827478,4.94965875135762
-0.2149413596148619,2.7655467318584637
0.0835167142815496,1.6683338400526875
-0.1541990816112217,2.679241019388178
0.0859787914217686,0.6023701504619419
-0.605751585381666,0.5476180232752866
-0.0171620230462896,3.231763787708416
0.4643384730540751,0.9252860926999414
-0.7652388541139346,1.687278641271837
-0.5740714825082245,0.26639292099086403
0.3658675255337211,1.2111911763996304
-0.0251091794856415,2.362745793082793
-0.4918917308428723,2.942885694486532
0.8009535916436576,4.992220537357888
0.0356613634497977,0.4963435958798459
0.7697274271231733,5.403506805094704
0.9835985416936784,5.356911252529281
-0.4964650962349139,2.8176571904418783
-0.6568044855240698,0.9584368158433271
0.2582186391000414,1.1536990368339153
0.934329201239968,5.097821964729627
0.2128569450756317,0.5859147887514068
0.7712652951571941,5.104404501621293
0.6048969744735515,4.933280249657922
0.8314024467457037,4.67345024394065
0.2067689733609976,1.6961366221467247
-0.3217143634808288,2.725742435628737
-0.0098777575213659,3.2248562143657207
-0.5617241216203173,0.6383824433409091
0.0284251647412259,0.5541785723965875
0.8721214940049486,4.763356036037889
-0.4436671961704026,3.6841201935732077
0.9908116489303412,5.270704528765124
-0.1232468031149827,2.7802575311933806
-0.6362011585877034,1.148351492779377
0.4333668017007426,0.9624374837071747
0.1807666924389375,0.6802152379388376
-0.4518465231260731,3.3847758696487764
0.5948010874701166,4.960461104988566
-0.2064537619100486,3.398908379881818
0.7984698641900776,4.904132930559655
0.8520362204448577,5.183588506145312
0.4953122490620023,1.5468035368865432
-0.3090049587895231,2.7181160496642875
-0.6093995942058157,0.6325724175748876
-0.0665286244327822,2.772613536794576
-0.6751181088501892,1.3006414885118465
-0.8976056746932659,0.6055439206336783
0.870602465840767,4.736480918593428
0.2301111710817602,0.5435937143676726
-0.3593926770321893,2.720839465701522
-0.5436340401319701,0.6278069017502338
0.9010127399265472,4.8569703807787254
0.6978020362163404,5.273574684229396
-0.0482000884720812,3.0005941633292377
0.6471923994597364,4.865334766072279
-0.2509922190625384,2.377431493394141
0.2978795652407395,0.2900009126806125
0.9564536818399416,5.087244302394176
-0.9928433835554556,0.7211765446281326
0.0902892679449864,0.5137986536285684
-0.984681151965516,0.6555997105422225
-0.0892952519637775,3.405094993453265
-0.108833897399327,3.2042304279356255
0.1248123007468062,0.7575745568068664
0.8923390714476673,5.024636740515289
0.3216774808818059,1.0014775304007493
-0.5004601511808975,2.077786994361902
-0.3760110062390889,2.9877239138631415
0.2633429164920351,0.4114010798530542
-0.0574333852254977,2.93246821877095
0.3673126685872998,0.9069191288245224
-0.245426898299097,3.558969978056629
-0.0791564871873409,2.943979547915083
0.0141532449814838,0.8907042435913503
-0.7549439623483762,0.6402672849526068
-0.1189356224874607,2.332052525357769
-0.5307213736757039,1.1548034635041187
0.3350527390328024,1.4176902719589406
0.2563318415684439,0.6214851222785208
0.8551541378499008,5.119622988476899
0.7485355863013392,5.460857130759603
-0.1069243192594069,2.2558933541145745
0.977585854075073,5.112840008412427
0.7676884038714882,4.628267364977996
-0.7388312970217676,0.2733617896493569
0.1549743738103466,1.19124599450869
0.7965192353038508,5.247924476254171
0.319638888510338,1.9880389581787348
-0.9354491106550532,1.119355840156777
0.1919263791200323,0.5085061279025583
-0.6988365148942581,1.3851531928828706
-0.3971222246336376,2.911422504763329
0.3529985037627139,0.7555261452937126
0.1854589642756576,0.41569652884543074
-0.4827685281222107,3.3614226580932054
0.3372431424974165,0.9123357525488671
-0.2446834874176691,2.977867445670704
-0.2612706967336304,3.039187119832549
0.1091701425117004,0.3745966865225384
0.6718532260814096,5.207221233247349
-0.0538699938023068,2.932873088708586
0.9160726895997932,4.719465341284694
-0.8650153201947488,0.17895026819284007
-0.5692892900540392,0.7316017921009342
0.077108384660179,0.8942196299216373
-0.2723256077099256,3.127593642340234
-0.749892420007976,2.2666314500806637
-0.5456162520250751,0.0662930773422227
0.8769519797996184,4.546113364317642
-0.0771379253684847,3.5903894499650537
-0.1290038170929264,2.169944699167291
-0.3640853199649381,2.9705839620886105
-0.3874613646538252,2.866506472763965
-0.0589585938494812,3.7831130890324856
0.8704060726146936,5.510451996621105
-0.8518983997955982,1.0062745058874454
-0.4827351603503034,2.579677712926963
0.9533917617479912,5.013532131988652
0.8566727117222619,5.187463221501462
0.4691328857486165,1.157527100995597
0.4829515607581027,0.5018516159130293
0.6386207344310819,4.724452872227426
-0.0379098385700038,3.189088333189282
-0.578297874808245,0.7012703541305436
0.4690551413397372,1.272416441448084
-0.2617979023687302,2.672981294373398
-0.0094626520411444,2.8936565975392905
0.9274022374221405,5.117788327373644
-0.697440867057658,1.6616501114948417
-0.2186557351861027,2.4685221005529807
-0.8536429377441104,0.20537200052586133
0.2272781794915099,0.7046527208254473
-0.5579156361239119,1.898033274010734
-0.355958434125768,2.9645121414418654
0.3774011338839869,0.373069444828072
0.8291359252805777,5.017624455793813
-0.6593838504454259,0.7631001472357498
-0.1977737966585377,2.343955324016836
0.3635279640204392,1.0608227224222166
-0.2604773938291944,2.871483625175785
-0.2916304060423442,3.454366357690812
0.8913717390831446,4.931207919458773
0.4914525641468426,1.2518110684773935
0.0486391771633591,1.4024941249374063
-0.6263965297705434,0.4944425044845354
0.5310318553842182,4.5290712221638145
-0.2226033251698298,3.1211772539675295
-0.7804280559793659,0.06778974746480644
-0.6332901784610627,1.5013025610080797
0.3972714475606163,0.7994610653678332
0.2549614958381885,0.516608474004466
0.89866649713033,4.932279516166814
0.1448555658486172,0.9327761116484032
-0.3786650503636386,2.982548477444981
0.069926504843583,1.306681614791171
-0.5535976124899216,1.4660001450661504
0.7650965885713976,4.997923572220101
0.0238740428278316,0.31541887918910594
0.8996741761434099,5.011176770547867
-0.185611894214061,2.781020140007217
0.0207413139012229,0.8610440632194404
-0.9755549773736512,0.7865494809732351
-0.76992241903509,1.654538661938303
-0.9478999176790426,0.1036620457893097
0.5676570476429292,5.154125247470799
-0.7171477246980049,1.3021419331588615
-0.9036531546887836,0.21880620321154348
-0.838228732855689,0.3864667102743049
-0.471571560790426,3.2992427087845653
-0.7681912143549741,1.1491359537228958
-0.6867915892481813,1.1549154755931716
0.3097858291042612,1.0947609804699663
-0.2384193325966641,2.5321067168112883
-0.4811225136576174,3.5019853734807214
0.2412953858649305,0.6696499452727631
-0.0364167991538906,2.9840513689949804
-0.240458774339809,3.321974499750977
-0.0522821251726144,2.595298357367384
0.6401862576541171,4.877732718892623
0.7929895595869851,4.779463069120981
-0.9831525561935208,0.6032514581784558
-0.2138031793692878,2.835154498332677
0.0238979765922575,1.3969976554048344
-0.9509659729780102,0.15369348493843568
0.4649949121628962,0.6447996088633664
-0.3724118182353482,3.6714855189647637
-0.3652164124689341,2.946757767639443
0.5380859729102723,5.020305791473838
0.942157014316011,5.0165907443045965
0.7326941870146684,5.427914515857881
0.1350088195318288,0.19870461130810113
-0.9083027274203124,1.7393006069994752
-0.4489408703644069,3.0211957511102945
-0.3720714891007746,3.320593236262922
-0.0141755694598526,2.667286649525561
-0.2667369169825897,3.075765993562886
-0.7484745820488479,0.7230764248113385
-0.5537391811297638,0.6419288631511784
0.120395229972704,0.7788619177307863
0.5458348333222596,4.763646410603348
0.5452276322487508,4.709654336771569
-0.2808894981583378,2.7782019936529965
-0.3695092702961517,2.8971310907254253
-0.027943009395883,3.279208011318177
0.3479550510265903,0.5648172851918472
0.7098978094911919,5.289505015534498
0.0681402753072271,0.45995281994074066
0.7979305532464855,4.93496638256611
-0.9101536918410782,0.8379812282284682
0.2301496824050204,0.963157569770778
0.3927780722766325,1.9722364470185272
0.6989598543940181,5.22773170939197
-0.2025428648635447,2.7371887836019924
-0.6027711034104657,0.020054976180743
0.1041404654166981,1.4720141861437845
-0.4551483021672438,2.8128901993198197
0.8458246324700689,5.3601925305871765
0.5437043721133319,5.137572787178303
0.8542663319213728,4.716220722446023
0.4415557585632892,0.7177837829882264
0.5043997812242065,4.808854047762458
-0.3863260869737133,2.90283862134797
0.8880785079195019,4.991109238104621
-0.3910581371422288,3.199217375644116
-0.8032841091539671,0.09477361734685495
-0.2521821567187976,3.0791863024873978
-0.9647141035064596,0.5643751451049941
-0.9642114767589368,0.5561407739181405
-0.4070512413716678,3.647975969861478
-0.1414736546366917,2.944912908826968
0.9879379429657622,5.082128659535642
-0.6262079586808313,1.9261403167884337
0.8379859239643965,5.1213687279883295
0.6151468074361077,5.349792112184684
0.8179654111568835,4.878990308590594
0.3782466619832132,0.6523409219440827
-0.59907598699606,0.807646394874662
-0.978257087601028,0.5697384571730301
-0.6700553571676433,1.0950574120482288
-0.3012076210560064,3.019101508276703
0.9687313651314202,5.234023003017791
0.0756398532294089,0.37525530687646225
-0.4853091991915257,3.15750908207253
-0.0241552482900071,2.7876070917112235
0.6786570759044752,5.048604756610306
0.1076774589747953,0.5342379623737167
0.5725985031799801,4.955501139849233
-0.1584300694274756,3.0164956356034547
0.0768677033657398,0.4007562272327448
-0.3767636734790509,2.93069883258933
-0.7451707544585024,0.29402656480702055
0.4088128074959811,0.7461115295042837
-0.7640599522342668,1.2889713546057182
0.2986137055533948,1.2368086007851757
0.8963452684081876,5.318543835986495
-0.1717780083146192,2.623131820734849
0.2969808391332245,1.0773840638072605
0.797567610672961,4.797589630695573
0.7090251353482322,5.28123986722341
0.28165715151883,0.43912477180672105
0.0052919405882576,1.3192937180777615
0.5225390656838134,5.165451630738414
-0.1807354893196888,3.11814250443623
-0.4439850217688796,2.672944347386932
-0.8613950101721937,0.4638154106402646
0.6607466600525009,5.010176725222041
0.2377087384940199,1.130067241592513
-0.786814002025717,0.8813128262069664
-0.5282315805727607,0.5491031803674535
-0.8797519365013431,1.4452523834816577
-0.4429918151835454,2.634743335433886
0.4130331204867818,1.3444989665637685
0.1126153081212406,0.5946026642644345
-0.4038315793722322,2.752989191490675
0.3923982717054803,0.900349931618362
-0.2550411486001027,3.1531240817393646
-0.5494111555443113,0.6713745877945482
0.1189770966257588,1.0825071410012865
0.0437278064826958,0.3213419490220983
-0.0915470864754193,3.4472251213898097
0.1954357418171945,0.75288199554734
0.0973647021965784,0.7092747473312743
-0.8928661272901468,1.8303184218873578
-0.6628281927181867,2.312597166346417
0.2869227674964274,1.1756979177142437
-0.2495059708291072,3.143074520719337
-0.2606612178978906,2.636562705241718
0.6039719936711154,4.900698719969905
-0.85356874710409,0.2518225603656508
0.2590535603734702,0.9876152873165019
0.6599988831148411,4.807074660846244
-0.3645105636264065,3.181056789847352
-0.9012565721807182,2.4391450665317103
0.4301564489072866,1.5685130265531684
0.8415946881925662,5.1490168823980875
0.1130183930056079,0.9135071087812505
0.1802516416516624,0.7310580971135098
-0.5367656801153775,0.7816373963125278
0.3613279358651109,1.8315055650866807
-0.9340170982085813,1.0605666625760461
-0.9086335041283964,0.9376821979756715
-0.8367709457766117,1.631607236820259
0.3839862320336429,1.3461217054275256
0.633240394668575,5.019131273017084
-0.6436176793766339,0.6625554953605749
0.0204274894202658,0.3954900082748321
-0.2331647251806505,3.0426259278516796
0.254853194229593,0.7750220453025353
-0.6118635847322691,0.9150844212554353
0.9102678564268848,5.055321173951208
-0.9584150640061526,1.2454937929352716
0.1124361977983099,0.9750190341546839
0.9184462064284944,4.866153749134742
-0.2560630256398251,3.253842499462689
0.960939775115446,4.941828223028777
0.3970373544484828,1.3174552806426554
-0.258266723175877,3.182669228318117
0.7356567904646765,5.003296479913798
-0.6769255145735855,1.2773497308066737
-0.0875551647655605,2.7911185668537604
0.2553508136677835,0.8800743341483844
0.8015795661408311,4.606372015189347
-0.3680737036411579,3.2075456105443414
-0.9464544804249002,1.7015934780247108
0.1379037786250685,1.8980681556655583
0.7590286789812786,5.24004612925943
0.1382928813077935,1.2903063495917892
-0.2344253033560219,3.8034739536644744
-0.0140305065009391,3.0574953471118453
0.0274397799915695,0.5038762726225641
0.6318449769869556,4.91912774796539
-0.1650010313277472,2.8456773820676977
-0.6198946090250179,0.7863999373477646
0.6047981762540708,5.1674821206903365
-0.0224944385110785,3.239666418890255
-0.7143007244396034,0.787195671756855
0.6708514769799243,4.933633975490451
0.339853273170563,1.5922895713564322
-0.2559237661303266,2.937784120959709
0.977680172339159,5.0167812489832
0.0750624632931586,1.6849799767523725
-0.0461779339478718,3.1785185271194116
-0.568854820614404,0.16084742033127825
-0.2358964454444245,3.044713274109372
0.951158391949811,5.113146212344256
-0.577816047852411,1.9296236995725689
-0.5346980470413056,0.4210817694937406
-0.3261753537032525,3.2647688547173983
0.9772908385568044,5.336341178988585
-0.0762070161196293,3.3293876483924905
0.307558436680039,0.8929906923596992
-0.823175993172147,1.7699276402128836
0.8912046619496841,5.208044480974631
-0.7772360580806457,0.2750355220543418
0.1470176957940752,1.159704514936864
-0.2760937792412823,3.4432621795837832
-0.2850945340243016,3.269236372993842
0.076553880127991,1.0073273608243891
-0.9320008099277332,0.8889525451854957
0.4821036583410649,1.0358096965913963
0.6034349679233462,5.27848646168924
0.4962709804114151,0.7519227623258561
0.0377791337357953,0.5374688733917992
-0.1453573246468691,2.9914750689313125
-0.1606746181893583,2.99831719556311
0.6020884528938271,4.8608989435962195
0.672657628587974,4.860051238219617
-0.4164339773801022,2.994149900147589
0.831119950458471,4.9997685398685485
0.7377087592762885,5.191548603289221
0.5188661497544358,4.765295771726185
0.5722050089680089,5.10060075620574
-0.8438616839572346,0.40469188663190675
0.7569898067265697,5.422337383120171
0.7681630603793401,5.024879223469039
0.3008816566615011,0.5793531300753075
0.5855084819234326,5.030134241467924
0.9414998776427196,5.03110246019729
-0.0750243004344954,2.6446892516548557
-0.6848595356596641,2.5287511752608847
0.2911576084984064,1.1484348680595124
0.2197183050116571,1.0313742667482046
-0.2214752521431173,2.907429328984152
-0.1330190509536752,2.689086444229983
-0.8484547368960349,0.5743915365993545
-0.9107003110054313,1.8463063173630982
0.2921170347206421,0.853340469242263
-0.8701371638030551,0.828032209527793
-0.6251968408296915,0.35746658010260157
-0.239658054398034,3.6307311779925286
-0.4874083940051008,3.2893975429341107
0.9277565066226604,5.01393415096409
0.7582359109025536,4.890379612360196
-0.4837276946010624,3.121435123864512
-0.2253146184929944,2.9105279117513567
0.332853200104189,0.6723288071666841
0.5922539382003864,5.129755628130764
0.0293945259588954,1.1178981255106069
-0.1987680479647473,2.903322706840987
-0.0971070376065106,2.236633099672602
0.5827627058079647,5.151742346577095
-0.3125137161601676,2.597761950073029
-0.2028682267332282,2.7132948724767765
0.2500339016512134,1.4595537974879935
0.6307886544001833,5.092757193392417
-0.6651775234378867,0.35581800243971695
0.3624665891788672,0.7390959947077813
0.5336352746347359,4.841156510417066
0.285904272520552,0.6706632081990931
0.4728832802561977,0.7592257150183546
-0.6971180901816261,1.3269231043143146
0.8732443261639631,4.9126102718856455
-0.4485048205048358,2.4378275028969774
0.6013417854828305,4.811640350003097
-0.7111138609829024,1.1458484358574101
0.8173366052796722,5.194441349226638
0.7005121646409125,4.834700239532495
-0.04096936129572,2.942752004927573
-0.5578367281340002,1.3285013573009234
0.0810983481104412,1.0920568561333708
-0.6380252019165775,1.7167120086937986
-0.7647309182536748,2.009465869953623
-0.961834420702933,1.0279743072126628
-0.0064285695172767,2.0844800407654
-0.9573448679582344,1.2912049530868301
-0.2926682481620035,3.114999596692497
0.7958760526564821,4.84101290837443
-0.5584442984738158,1.4068799218670915
-0.4451239203061163,2.5888877203868192
-0.5125647843801138,1.5656897911448633
-0.2630865525333257,3.717456633307111
-0.926332335922077,0.9341050673705131
0.4173713502535809,0.3122053745883712
-0.5582149466515325,0.6767343095459321
0.5078605761718371,5.0467885443599165
0.0673888319983662,0.36896808135878995
-0.169203749633358,2.5699709571069516
0.1766858233975421,1.0079341170721716
0.8429237960953089,4.93688561270071
-0.386148115393901,2.973752880806998
-0.475525119747165,3.3450134108371623
-0.1708142688908387,2.7218581144578398
0.3041359152831677,1.1954526991499272
-0.4038380129682815,2.7889392852968653
0.7226383853192098,4.853327336458709
-0.1370318908463579,2.658462162683291
0.2131945810407431,1.7232651676421884
-0.8877016089152239,0.09946495683393518
0.714871189190611,4.631072964735334
0.4795262395063073,0.7666617419479139
-0.4166181371679109,2.2196179022256515
0.4860803620263325,0.43799199719989945
0.2801917789525501,0.51145106739269
-0.1985431646726672,2.7734323326605397
0.028040000012286,1.407780023147231
0.3508614875454827,0.8851022217361115
0.4035754064173791,1.5620605572882196
0.1377307935976754,0.8429263343195643
-0.6169926244729507,1.1715979331397917
-0.3257556369066445,2.412519926141174
0.7586837879830008,5.078053374433935
-0.3052678534455479,2.7266553871381682
-0.7098140273715285,0.15938725576772578
-0.0813185101870896,2.783493501900122
-0.7708248569253933,2.6353066689411664
-0.4728886594403829,3.5610374817747603
0.6800359436480776,4.888675933049075
-0.8599493453749762,0.8288263005525551
-0.223678527739523,3.1842199392355064
0.580396608285161,4.914926986303494
-0.0801491181020035,3.3882324076761665
0.6330290921639501,4.863724390235919
0.5986522873223932,4.987780142173393
0.4063241386120977,0.6290208826845719
0.5862070001739403,5.00586440425915
-0.2181545827115159,3.14062454846512
0.3698853588216995,2.1292740694232055
0.6672199874584976,4.9230549831861286
0.4963037292208601,1.8654588364447495
0.4865347252700727,0.47539329318803947
0.2206983814254004,1.1158960893564358
0.8260923157280087,5.360941437600499
0.4441310542296657,1.1021677470721898
-0.1925177759724254,2.8214328916435263
-0.7872620682187987,0.39293861995588447
-0.6735224301340648,0.5861262788372978
0.4221877986665103,0.9178359795432725
-0.457006262568028,3.6746772823418175
0.6319912021859759,4.984838479000491
0.5812769125928647,4.762450281654386
-0.3873459056017376,3.0025128436081583
-0.903532727918596,1.4538773622408072
-0.7664318479709809,0.5704284486430728
-0.8295807270022089,0.5041414355058069
0.7421958474124482,4.797219970124861
-0.2675535237397615,2.7677229772235026
0.0586243701910091,1.3299239193381815
-0.1004511533779699,3.0724713069291627
-0.6424439789405747,0.7593440633697471
-0.0237446972353543,3.0665607269593065
0.8705398721810309,4.717932838137266
0.5279485535378006,4.745285482310764
-0.0818304901410393,3.3579715375029684
0.3350455455734178,1.0759753714049687
-0.903780768624687,0.4460584673203155
-0.2326368219484964,3.4316864349921037
-0.4301891772091484,2.953323837868509
0.6193596544068862,4.958024240540539
0.0482740642917391,0.43177814851619095
0.9435842391878868,5.17762732124039
0.9193874152321616,4.962903671930108
0.8797083260496354,5.308471422055076
-0.8606551575406469,0.6763189551012381
0.7909818955549159,4.900242355492052
0.7247101451508347,5.063761778674571
-0.0345821589367152,3.235113138577955
-0.2455558566145708,3.0537198678836504
0.989247695532164,5.089690758563715
-0.636173595238601,1.320755048273085
-0.4678340204690761,3.3084362573465294
-0.0233812829044155,3.0690810126516825
-0.4077053719871986,3.6865999474500786
0.8517478999573223,4.7596802921509225
-0.9353737115028772,0.39847121540319963
0.6779621202194834,4.972295430010498
0.5496355161483975,4.8332207952260235
0.5502516678829585,5.2641573248318645
0.054298134488568,1.381739447915694
-0.4877733020760004,2.596610432141139
0.2647360258966027,0.6432600089770967
-0.4114076315513915,3.3041481844513774
-0.6540277918386848,1.002001560956426
0.2025381727747122,0.2675824567665504
-0.6678522101932836,1.6547511535215544
-0.0428322818797806,2.686655676202162
0.6535471987650194,4.845522541895403
-0.1673026696100246,2.412294572272776
-0.5716630016093858,0.4053549544887022
0.4816421526068883,1.2441031644015426
-0.1066234361927251,3.2792802886506025
0.1968170382823415,0.72345812091913
0.5791888574690582,4.4247908715486926
-0.1708751208197603,2.881719263147005
0.0980381477147862,2.2948286760907926
0.585597961216836,5.1665146917939495
0.6890012350428922,4.997086281094542
-0.8954194226356669,1.1784087342015857
0.3411930761248911,0.4182558685323515
-0.6627109155619677,1.0933494432410673
-0.164929455955723,3.5266121241427504
0.7868062956984438,4.840382248026353
-0.9151715932357892,0.2871272012136674
0.8376260539465923,5.161511866625587
-0.4315601073258619,2.489496975259952
0.2923996949884508,0.8254209295909053
0.2450105684203507,1.3326301801801432
0.2962187853024385,1.1923593934246173
-0.1258173474250075,2.988778536260305
0.0282741444064156,0.5467903942563648
-0.8744481164687623,2.585178523803293
-0.6939765874680617,0.8868120650001005
-0.8623602155030505,0.9949190321336548
-0.9570235194449672,0.28425742386860336
-0.5531716378197105,0.7510828611198017
0.768724313310414,5.058087563976512
0.0317415672282954,1.2692143561607452
0.1603774392190595,1.2706528278478237
0.1818364778054102,1.1627533242121948
0.5615872205956036,5.095435833700717
-0.8457774591917346,0.2720707000420842
-0.2274079424301771,3.2015918185314627
-0.3716770209975912,3.021655796518507
0.2539021644466936,1.5149716857937119
-0.0377293330286072,2.737085598695696
0.7708615834122674,5.002338718354043
0.3191926840045251,1.0511594615942246
0.5262196988034282,4.964066330852041
0.6829044428165849,4.867241668695932
0.3673701577769983,0.49004591158649785
0.7065134034970468,5.093621358263506
-0.1879271278285688,2.8189897499946497
0.6070724319923799,5.142841949694221
-0.6136292015367264,0.6073949962637267
-0.0309347756816888,3.1383075416392474
-0.3659959384728297,2.498749560627905
-0.7216393704809554,0.15937261882120013
-0.5520540194356975,1.2354193007657348
0.9312907889800196,5.150658980690638
0.4521286619002012,0.7118203749065938
-0.1639109246632697,2.7706575751669975
0.0579273588424276,0.6344936076861037
0.3454652735505825,1.2794342154456035
-0.0765633743443492,3.00071743276956
0.4914818039704278,1.7367469738790433
-0.3561028320665855,2.950594970313744
0.9508971306086298,4.757151976201881
-0.832179969567604,0.8864724536721843
-0.3609189862380855,3.5641345366705597
0.5003806997719742,4.743978986435454
0.026570797614986,0.6995769337609999
-0.5134827902446504,1.9488555671869694
0.2765001120479708,0.7366365137215387
-0.452784866686895,3.028858449716672
0.3689148586510331,0.948354568749379
0.1263448004635203,0.5995526553080612
0.4469399538457657,0.8298769693599815
-0.4534586479054636,3.3769568234236074
0.8076020374375885,5.369227491541188
-0.1058900395521469,2.7478036120548737
0.2328476125579348,1.0903281993741907
-0.8540875576184859,0.1949029209314127
-0.2035177108241586,3.058207218781533
-0.4952475405670546,2.8292262868248432
-0.2470825733838941,2.5360720780291244
0.769608892287208,5.059600497868888
-0.6762550680535448,1.5110678755963363
0.5189670197167935,4.945924012759643
-0.7036255665932729,0.6594615626823019
-0.2461725799630285,3.212602666271104
0.8123888672979727,4.912498903540552
-0.6611541372612082,0.41933559499420264
0.3721136521097545,1.1616608409912574
0.4350810176705628,1.3682418192842356
-0.1427157598033464,3.4899694250821027
-0.9772505946702794,1.1040353778060514
0.9582261532280612,5.203735117457556
-0.7319265623070497,1.3691641294825372
0.2644455453250807,1.2012064105900127
0.9745350720425572,4.743574327213755
-0.9387531211192932,0.2001790251878125
-0.0355956018999301,3.367535849526133
0.1197465455997572,0.2889513856888467
0.301450071731427,1.5878484756730011
-0.0819492139718964,3.5928881709613583
0.8880337310341344,4.878557023693411
-0.2329602525251861,2.253841907368783
-0.2433428974089519,2.979187159979749
-0.2395239619312237,2.753696216868249
-0.5461134836556847,1.1178788285256145
0.2083652795673825,0.9591364136042148
-0.6386620489086348,0.27312162274613433
-0.4608084612809673,2.8114328954313073
-0.406940855381646,3.1014143906100196
-0.090297518132264,3.2582977603548757
-0.0971772130577501,2.989551405000903
0.4164502166918813,1.2306990717030364
-0.759886634655415,1.2938993597968786
0.5670792084943379,4.963346435232102
-0.6418531466365047,0.6003025276041599
-0.0045132320830845,3.1642359626422496
0.5100548365012705,5.077335753024394
0.2563478612955696,0.6951342680887035
-0.4014210866975922,3.163773709959117
0.4436762155986755,0.8491340033417457
-0.0576319874199788,3.2852279740900743
-0.4108542120540883,3.180830647452494
-0.3257407720662786,3.4005575186241166
0.8775539512377823,4.731087143136181
0.9818974102880916,4.990576827503711
-0.5440141366145994,1.2845627623623448
0.3845777336496849,0.9008069378921155
0.3342578370003204,0.6862737681802039
-0.1890384846021062,2.378402235525532
0.4364200053977347,1.5830162997707466
-0.8232267455624813,0.07274101284161626
-0.8776111052258666,0.6129595442740914
-0.4994155192805356,3.237166127534502
0.1462325990812552,0.567620575931426
-0.6351778243670432,1.1336555682120684
-0.1625108942329038,3.782180057518762
0.9647993408096498,5.1133179451201265
-0.5118018458715408,0.3291631198087485
-0.4704286124966241,3.106391604499787
0.7457731782570618,4.8699247483509405
-0.5292261607810078,0.6698269000471849
0.6579516149494018,5.0030555342202625
-0.6741329626730754,0.6307462784122285
-0.7335874647168716,0.7474940311107989
0.9410443721012562,5.341513472876105
0.1651375028222248,1.6018891025992996
0.6468296264199163,5.002215572952402
0.6610844725542369,4.842994140226355
-0.650016177489303,0.4144831400496912
-0.2903582962921585,2.7613684368750158
-0.909074290427105,1.70138502535345
0.8066146625952979,5.175919724912985
0.5751474618935912,4.937800000787953
-0.99491899780201,1.6842027796890107
0.2320929435523462,0.4749731307114899
0.2414028713752298,2.2554634277798327
0.2945822376668006,0.7639951199031051
0.4728745652702719,1.296337370905181
-0.3830050545532979,2.397114746828193
-0.2229149473788683,2.918270881087547
0.0693654527834128,0.6880333366620619
